"","Site","date","meanT","meanRH"
"1","Hampshire",2018-05-17,11.2560763888889,69.5479861111111
"2","Hampshire",2018-05-18,11.1508680555555,75.6323263888889
"3","Hampshire",2018-05-19,12.1998958333333,78.6466666666666
"4","Hampshire",2018-05-20,12.7517708333333,80.2847916666666
"5","Hampshire",2018-05-21,13.2742708333334,90.5672569444444
"6","Hampshire",2018-05-22,15.4624305555556,77.4798263888889
"7","Hampshire",2018-05-23,13.8345138888888,80.1451388888889
"8","Hampshire",2018-05-24,12.4933333333334,97.4427430555556
"9","Hampshire",2018-05-25,13.6708333333334,99.9814236111111
"10","Hampshire",2018-05-26,17.1763541666666,93.2053819444444
"11","Hampshire",2018-05-27,17.6119791666667,94.2028819444444
"12","Hampshire",2018-05-28,17.0777777777778,95.9436458333333
"13","Hampshire",2018-05-29,15.3404861111111,98.2746875
"14","Hampshire",2018-05-30,14.6734027777777,100
"15","Hampshire",2018-05-31,16.1243055555556,100
"16","Hampshire",2018-06-01,16.1442013888889,99.5907986111111
"17","Hampshire",2018-06-02,16.4157986111111,93.5941666666667
"18","Hampshire",2018-06-03,16.1652777777777,90.6120833333333
"19","Hampshire",2018-06-04,15.2531944444444,95.4570138888889
"20","Hampshire",2018-06-05,13.5912847222222,92.2506944444444
"21","Hampshire",2018-06-06,14.2776736111111,86.0775347222222
"22","Hampshire",2018-06-07,14.7302777777778,97.2969444444444
"23","Hampshire",2018-06-08,16.1321875,93.0512152777777
"24","Hampshire",2018-06-09,15.9531597222222,93.0450347222222
"25","Hampshire",2018-06-10,16.2808333333333,94.6817361111111
"26","Hampshire",2018-06-11,15.8929861111111,86.1464236111111
"27","Hampshire",2018-06-12,14.2617708333333,87.8204861111111
"28","Hampshire",2018-06-13,13.5763541666667,86.9846527777778
"29","Hampshire",2018-06-14,15.4978472222222,88.2102777777777
"30","Hampshire",2018-06-15,14.0666319444444,84.2629861111111
"31","Hampshire",2018-06-16,13.9829513888889,89.0925694444445
"32","Hampshire",2018-06-17,13.9696875,93.2430208333333
"33","Hampshire",2018-06-18,16.80625,89.1045486111111
"34","Hampshire",2018-06-19,17.4297569444444,94.4826388888889
"35","Hampshire",2018-06-20,16.9542361111112,93.9431597222222
"36","Hampshire",2018-06-21,13.9288194444444,69.6707986111111
"37","Hampshire",2018-06-22,14.0311111111111,74.7050694444444
"38","Hampshire",2018-06-23,14.6093402777778,81.5871527777778
"39","Hampshire",2018-06-24,15.5681597222222,77.0034722222223
"40","Hampshire",2018-06-25,17.1020486111111,76.9657986111111
"41","Hampshire",2018-06-26,17.5878819444445,76.9094444444445
"42","Hampshire",2018-06-27,17.30125,74.0071527777778
"43","Hampshire",2018-06-28,17.7507986111112,78.5400347222222
"44","Hampshire",2018-06-29,18.47875,73.9539236111112
"45","Hampshire",2018-06-30,18.3303472222223,71.9761805555555
"46","Hampshire",2018-07-01,19.9834375,74.4238194444444
"47","Hampshire",2018-07-02,20.3989583333334,60.3519444444444
"48","Hampshire",2018-07-03,18.7701041666667,62.9432291666667
"49","Hampshire",2018-07-04,17.4124305555556,84.2146527777778
"50","Hampshire",2018-07-05,19.4073263888889,82.1638888888889
"51","Hampshire",2018-07-06,20.0957986111111,77.6561458333333
"52","Hampshire",2018-07-07,20.3801041666667,75.8696875
"53","Hampshire",2018-07-08,20.5265972222222,73.8903819444445
"54","Hampshire",2018-07-09,19.6530555555556,77.5278472222222
"55","Hampshire",2018-07-10,17.4053819444444,72.7643402777777
"56","Hampshire",2018-07-11,16.6495138888889,81.6599652777778
"57","Hampshire",2018-07-12,16.5397916666667,85.4392361111111
"58","Hampshire",2018-07-13,16.7542708333333,96.9938541666667
"59","Hampshire",2018-07-14,17.1613888888889,92.3863194444445
"60","Hampshire",2018-07-15,17.7464236111111,82.9383333333333
"61","Hampshire",2018-07-16,18.1074305555555,80.1572569444445
"62","Hampshire",2018-07-17,16.3376041666667,82.7395833333333
"63","Hampshire",2018-07-18,16.2491666666667,85.2363888888889
"64","Hampshire",2018-07-19,17.2335069444444,83.8351736111111
"65","Hampshire",2018-07-20,18.0005208333334,85.1003472222222
"66","Hampshire",2018-07-21,18.6456597222222,83.6277777777778
"67","Hampshire",2018-07-22,19.2364236111111,77.5069097222222
"68","Hampshire",2018-07-23,21.0345833333334,74.8775347222223
"69","Hampshire",2018-07-24,19.9767708333333,80.1559375
"70","Hampshire",2018-07-25,20.1210416666666,77.1858680555555
"71","Hampshire",2018-07-26,21.3254166666666,75.9110763888889
"72","Hampshire",2018-07-27,19.6178125,86.7007291666666
"73","Hampshire",2018-07-28,16.6330555555556,86.7389930555555
"74","Hampshire",2018-07-29,16.6062152777777,97.9011458333333
"75","Hampshire",2018-07-30,17.4602083333333,95.7800347222223
"76","Hampshire",2018-07-31,16.9625347222222,87.7261111111111
"77","Hampshire",2018-08-01,15.7914930555555,84.1590277777778
"78","Hampshire",2018-08-02,18.2165625,87.5529166666666
"79","Hampshire",2018-08-03,20.6983333333333,83.5767361111111
"80","Hampshire",2018-08-04,20.5485416666667,80.0478125
"81","Hampshire",2018-08-05,19.4481944444445,79.0725
"82","Hampshire",2018-08-06,19.1895833333334,76.9388194444444
"83","Hampshire",2018-08-07,19.0454513888888,83.7950347222222
"84","Hampshire",2018-08-08,16.7763541666666,76.2335763888889
"85","Hampshire",2018-08-09,13.7695486111111,98.7449652777778
"86","Hampshire",2018-08-10,12.1128819444444,99.3148263888889
"87","Hampshire",2018-08-11,13.0046527777778,96.3182986111111
"88","Hampshire",2018-08-12,15.9040625,97.7942361111111
"89","Hampshire",2018-08-13,16.8649652777778,95.16625
"90","Hampshire",2018-08-14,17.0998958333333,88.9357291666666
"91","Hampshire",2018-08-15,17.8882986111111,88.5164930555555
"92","Hampshire",2018-08-16,15.7230902777778,98.6108333333333
"93","Hampshire",2018-08-17,14.1762152777778,92.6834027777778
"94","Hampshire",2018-08-18,16.2465625,94.8364583333334
"95","Hampshire",2018-08-19,18.5621180555556,93.2627777777778
"96","Hampshire",2018-08-20,18.8421875,94.9929861111112
"97","Hampshire",2018-08-21,18.8177083333333,89.8622222222222
"98","Hampshire",2018-08-22,16.9701736111111,95.4067361111111
"99","Hampshire",2018-08-23,17.3751388888889,87.5765972222222
"100","Hampshire",2018-08-24,13.1891666666667,83.2181944444444
"101","Hampshire",2018-08-25,11.3323263888889,95.4533680555556
"102","Hampshire",2018-08-26,12.9640625,99.7749305555556
"103","Hampshire",2018-08-27,14.2950347222222,98.551875
"104","Hampshire",2018-08-28,14.6518055555556,94.8786805555555
"105","Hampshire",2018-08-29,13.7479513888889,99.1814236111111
"106","Hampshire",2018-08-30,12.9905208333333,91.5535763888889
"107","Hampshire",2018-08-31,13.6611805555555,92.0951041666667
"108","Hampshire",2018-09-01,13.425,87.6825694444445
"109","Hampshire",2018-09-02,13.2733333333333,85.2268055555556
"110","Hampshire",2018-09-03,13.5299305555556,91.5948263888889
"111","Hampshire",2018-09-04,14.7175347222222,88.8709375000001
"112","Hampshire",2018-09-05,15.3841666666667,86.3078472222222
"113","Hampshire",2018-09-06,13.9160069444445,87.5271875
"114","Hampshire",2018-09-07,11.3986111111111,85.2410416666667
"115","Hampshire",2018-09-08,12.7692361111111,91.736875
"116","Hampshire",2018-09-09,15.8810416666667,90.5404861111111
"117","Hampshire",2018-09-10,15.2030902777778,87.7246527777777
"118","Hampshire",2018-09-11,17.6885069444444,93.2351736111111
"119","Hampshire",2018-09-12,12.2809722222222,99.8927083333334
"120","Hampshire",2018-09-13,10.1872569444444,91.7460763888889
"121","Hampshire",2018-09-14,11.8904861111111,91.7600694444444
"122","Hampshire",2018-09-15,13.2929166666666,89.9967013888889
"123","Hampshire",2018-09-16,15.1314583333333,89.9857638888889
"124","Hampshire",2018-09-17,17.4679861111111,83.3949652777778
"125","Hampshire",2018-09-18,17.29375,88.6187847222222
"126","Hampshire",2018-09-19,17.1801736111111,95.0374652777778
"127","Hampshire",2018-09-20,17.3962152777778,92.6151736111111
"128","Hampshire",2018-09-21,12.32,88.0876736111111
"129","Hampshire",2018-09-22,10.7147569444444,96.9579166666667
"130","Hampshire",2018-09-23,9.25760416666667,99.4345138888889
"131","Hampshire",2018-09-24,7.34916666666667,92.1531944444444
"132","Hampshire",2018-09-25,6.73920138888889,91.1051736111112
"133","Hampshire",2019-04-19,13.9870138888889,68.0644097222223
"134","Hampshire",2019-04-20,14.0410416666667,67.9725347222222
"135","Hampshire",2019-04-21,13.4656944444445,68.4512847222222
"136","Hampshire",2019-04-22,13.5810069444445,69.9851388888889
"137","Hampshire",2019-04-23,14.3780555555556,72.6405902777778
"138","Hampshire",2019-04-24,11.0623611111111,86.0071527777777
"139","Hampshire",2019-04-25,11.1510416666667,81.3870833333334
"140","Hampshire",2019-04-26,9.26690972222222,85.7886111111112
"141","Hampshire",2019-04-27,8.97,76.7032291666667
"142","Hampshire",2019-04-28,9.91663194444445,73.9772222222222
"143","Hampshire",2019-04-29,9.69694444444444,76.8063541666667
"144","Hampshire",2019-04-30,9.86149305555558,78.7010763888889
"145","Hampshire",2019-05-01,11.099375,81.7316319444444
"146","Hampshire",2019-05-02,10.3391319444444,83.2660763888889
"147","Hampshire",2019-05-03,8.58371527777777,91.7952083333333
"148","Hampshire",2019-05-04,7.07100694444444,80.6386805555556
"149","Hampshire",2019-05-05,7.08065972222222,75.8401388888889
"150","Hampshire",2019-05-06,8.47958333333333,70.7954166666667
"151","Hampshire",2019-05-07,9.48538194444444,74.558125
"152","Hampshire",2019-05-08,9.92649305555556,95.6342361111111
"153","Hampshire",2019-05-09,9.11392361111111,97.1777777777777
"154","Hampshire",2019-05-10,9.35295138888889,85.3905208333333
"155","Hampshire",2019-05-11,9.87423611111112,87.4492708333333
"156","Hampshire",2019-05-12,9.52493055555555,78.9740277777778
"157","Hampshire",2019-05-13,9.88003472222223,70.4371180555555
"158","Hampshire",2019-05-14,11.1225347222222,67.8546180555556
"159","Hampshire",2019-05-15,11.8310416666666,70.8442361111111
"160","Hampshire",2019-05-16,11.2202777777778,69.1713888888889
"161","Hampshire",2019-05-17,10.5090625,88.5647916666667
"162","Hampshire",2019-05-18,12.4783680555555,85.7050347222223
"163","Hampshire",2019-05-19,12.5299305555555,84.5809375
"164","Hampshire",2019-05-20,14.1061111111111,85.6466666666666
"165","Hampshire",2019-05-21,13.4311458333333,74.9523263888889
"166","Hampshire",2019-05-22,12.7700694444444,73.1415625
"167","Hampshire",2019-05-23,13.4243402777778,72.0823611111111
"168","Hampshire",2019-05-24,14.2046527777777,79.3704166666667
"169","Hampshire",2019-05-25,16.2507291666667,79.7498611111111
"170","Hampshire",2019-05-26,14.8272916666666,88.2395138888889
"171","Hampshire",2019-05-27,12.5630208333334,78.4462152777778
"172","Hampshire",2019-05-28,11.4276736111111,88.1897916666667
"173","Hampshire",2019-05-29,10.3865277777778,95.4560763888889
"174","Hampshire",2019-05-30,15.6838194444444,92.9805555555556
"175","Hampshire",2019-05-31,14.1605902777778,91.0956944444445
"176","Hampshire",2019-06-01,16.09375,81.4093402777778
"177","Hampshire",2019-06-02,16.2430902777778,85.8389583333334
"178","Hampshire",2019-06-03,13.3565972222222,82.6624305555555
"179","Hampshire",2019-06-04,12.5539236111111,93.3209375
"180","Hampshire",2019-06-05,13.1396875,85.47125
"181","Hampshire",2019-06-06,12.1037847222222,76.8560416666666
"182","Hampshire",2019-06-07,11.7300694444444,96.5216666666666
"183","Hampshire",2019-06-08,11.7727083333333,97.0304166666667
"184","Hampshire",2019-06-09,11.4987847222222,88.3695486111111
"185","Hampshire",2019-06-10,9.83996527777778,99.1739236111111
"186","Hampshire",2019-06-11,11.969375,97.1841666666666
"187","Hampshire",2019-06-12,11.7806597222222,97.7979166666667
"188","Hampshire",2019-06-13,11.5981944444445,99.9248958333334
"189","Hampshire",2019-06-14,13.203125,94.1688888888889
"190","Hampshire",2019-06-15,12.408125,96.9723263888889
"191","Hampshire",2019-06-16,12.6438541666666,95.7984375
"192","Hampshire",2019-06-17,13.8565277777778,88.1317361111111
"193","Hampshire",2019-06-18,12.6370138888889,98.2710416666667
"194","Hampshire",2019-06-19,14.8334722222222,99.9460416666666
"195","Hampshire",2019-06-20,13.4148263888889,94.3004861111112
"196","Hampshire",2019-06-21,13.0997569444445,86.4475347222222
"197","Hampshire",2019-06-22,13.719375,81.3502083333333
"198","Hampshire",2019-06-23,15.2223611111111,92.7223611111111
"199","Hampshire",2019-06-24,17.5343055555556,95.8278125
"200","Hampshire",2019-06-25,17.8979166666667,99.6220833333334
"201","Hampshire",2019-06-26,17.2348958333334,93.3750347222222
"202","Hampshire",2019-06-27,16.5839236111111,80.4356944444445
"203","Hampshire",2019-06-28,17.5179861111111,83.6663888888888
"204","Hampshire",2019-06-29,20.6984027777778,80.9091666666666
"205","Hampshire",2019-06-30,17.2971527777778,85.6055555555556
"206","Hampshire",2019-07-01,15.6441666666667,82.3130555555556
"207","Hampshire",2019-07-02,15.1648611111111,79.8904513888888
"208","Hampshire",2019-07-03,15.4710416666667,79.6721180555556
"209","Hampshire",2019-07-04,15.9386805555555,79.5082291666667
"210","Hampshire",2019-07-05,17.8487152777778,83.1473263888889
"211","Hampshire",2019-07-06,17.8221180555555,84.2079166666667
"212","Hampshire",2019-07-07,16.4335069444445,88.9852430555555
"213","Hampshire",2019-07-08,16.4172222222222,78.5419791666666
"214","Hampshire",2019-07-09,17.3525694444444,80.4079166666667
"215","Hampshire",2019-07-10,17.0679861111111,85.2461458333333
"216","Hampshire",2019-07-11,17.5210069444445,85.105
"217","Hampshire",2019-07-12,18.2802430555556,80.8041666666666
"218","Hampshire",2019-07-13,17.2555555555555,80.9129166666667
"219","Hampshire",2019-07-14,15.6709375,86.7648263888889
"220","Hampshire",2019-07-15,14.8104166666667,83.1737847222222
"221","Hampshire",2019-07-16,15.5584375,82.3642361111111
"222","Hampshire",2019-07-17,16.2663541666667,84.4901736111111
"223","Hampshire",2019-07-18,16.0596875,93.4627777777777
"224","Hampshire",2019-07-19,14.3830902777778,98.5226041666666
"225","Hampshire",2019-07-20,17.1006944444444,96.3426736111111
"226","Hampshire",2019-07-21,15.805,91.7095486111111
"227","Hampshire",2019-07-22,18.4720138888889,94.7914236111111
"228","Hampshire",2019-07-23,20.1723958333333,86.3475694444444
"229","Hampshire",2019-07-24,20.8316666666666,89.5586111111111
"230","Hampshire",2019-07-25,21.6376736111111,87.9044444444445
"231","Hampshire",2019-07-26,19.3122569444444,91.2220833333333
"232","Hampshire",2019-07-27,16.6604861111111,99.18875
"233","Hampshire",2019-07-28,16.3674652777778,90.2521875
"234","Hampshire",2019-07-29,16.3834375,83.7297569444444
"235","Hampshire",2019-07-30,16.3254861111111,96.1981944444445
"236","Hampshire",2019-07-31,16.4705902777778,94.2244097222222
"237","Hampshire",2019-08-01,15.5831597222222,93.6810069444444
"238","Hampshire",2019-08-02,17.7332986111111,91.4942361111111
"239","Hampshire",2019-08-03,16.8821527777777,91.3022222222222
"240","Hampshire",2019-08-04,17.0670486111111,91.2115625
"241","Hampshire",2019-08-05,17.1310416666667,93.0978819444445
"242","Hampshire",2019-08-06,17.1745486111111,89.0644097222223
"243","Hampshire",2019-08-07,16.1561458333333,95.1934722222222
"244","Hampshire",2019-08-08,15.5402083333333,96.8085763888888
"245","Hampshire",2019-08-09,17.7527430555555,97.8807986111111
"246","Hampshire",2019-08-10,16.5382986111111,93.689375
"247","Hampshire",2019-08-11,16.1444097222222,89.6285069444445
"248","Hampshire",2019-08-12,13.2813194444444,98.3417013888889
"249","Hampshire",2019-08-13,13.7047222222222,91.3978819444444
"250","Hampshire",2019-08-14,14.4979861111111,99.5754513888889
"251","Hampshire",2019-08-15,16.0178472222223,93.2586805555555
"252","Hampshire",2019-08-16,14.0704513888889,98.0478819444444
"253","Hampshire",2019-08-17,16.3242708333334,96.4147222222222
"254","Hampshire",2019-08-18,14.9069444444445,96.3116666666667
"255","Hampshire",2019-08-19,13.7995486111111,97.5993055555555
"256","Hampshire",2019-08-20,13.1871180555556,89.4639236111111
"257","Hampshire",2019-08-21,13.1034722222222,90.1779513888889
"258","Hampshire",2019-08-22,15.0239583333334,91.7247916666666
"259","Hampshire",2019-08-23,15.8226041666667,89.5594791666667
"260","Hampshire",2019-08-24,15.5749652777777,88.0830208333334
"261","Hampshire",2019-08-25,18.1730555555555,88.0502777777778
"262","Hampshire",2019-08-26,18.2809375,88.4035763888889
"263","Hampshire",2019-08-27,18.9072916666667,89.6037847222222
"264","Hampshire",2019-08-28,17.8347569444445,90.4660416666667
"265","Hampshire",2019-08-29,15.2641666666667,86.6823611111111
"266","Hampshire",2019-08-30,15.0166666666667,88.3377083333333
"267","Hampshire",2019-08-31,14.0207291666667,92.1951736111111
"268","Hampshire",2019-09-01,13.045,84.0201388888889
"269","Hampshire",2019-09-02,12.5318055555556,86.3874652777777
"270","Hampshire",2019-09-03,15.4933333333334,89.6773958333333
"271","Hampshire",2019-09-04,14.9775,91.8363194444445
"272","Hampshire",2019-09-05,12.5149305555555,85.223125
"273","Hampshire",2019-09-06,10.7760416666667,95.2915972222222
"274","Hampshire",2019-09-07,12.0757291666666,92.0565625
"275","Hampshire",2019-09-08,9.63850694444444,86.2639930555555
"276","Hampshire",2019-09-09,12.0452430555555,96.6452430555555
"277","Hampshire",2019-09-10,12.5780902777778,95.5403472222222
"278","Hampshire",2019-09-11,15.1477430555555,96.6130555555555
"279","Hampshire",2019-09-12,15.7025694444444,97.8105902777778
"280","Hampshire",2019-09-13,14.7928472222222,87.3092708333334
"281","Hampshire",2019-09-14,12.2620486111111,86.4057986111112
"282","Hampshire",2019-09-15,13.6372222222222,91.4332638888889
"283","Hampshire",2019-09-16,15.7518055555555,97.2285069444444
"284","Hampshire",2019-09-17,13.2922222222222,84.3456597222222
"285","Hampshire",2019-09-18,10.5092013888889,85.0508680555556
"286","Hampshire",2019-09-19,10.9855902777777,88.3453125
"287","Hampshire",2019-09-20,12.8724652777778,81.5638888888889
"288","Hampshire",2019-09-21,14.498125,84.6138888888889
"289","Hampshire",2019-09-22,14.4914236111111,98.4576388888889
"290","Hampshire",2019-09-23,13.9127777777777,99.3058680555555
"291","Hampshire",2019-09-24,15.7491666666666,99.6884375
"292","Hampshire",2019-09-25,15.1627430555555,99.9406597222222
"293","Hampshire",2019-09-26,15.3644444444444,98.3243402777778
"294","Wiltshire",2018-04-07,9.42378472222222,91.79125
"295","Wiltshire",2018-04-08,9.20930555555556,94.1681597222222
"296","Wiltshire",2018-04-09,8.63243055555555,99.1179166666666
"297","Wiltshire",2018-04-10,9.58861111111111,98.4096180555555
"298","Wiltshire",2018-04-11,8.31913194444444,99.5848263888889
"299","Wiltshire",2018-04-12,7.24854166666666,99.0602083333333
"300","Wiltshire",2018-04-13,8.70986111111112,94.0052083333333
"301","Wiltshire",2018-04-14,10.8580902777777,87.8545833333333
"302","Wiltshire",2018-04-15,10.0599305555555,95.7356597222223
"303","Wiltshire",2018-04-16,10.3580902777777,79.9221180555556
"304","Wiltshire",2018-04-17,12.1143402777777,84.3951041666666
"305","Wiltshire",2018-04-18,16.2044097222222,75.1146875
"306","Wiltshire",2018-04-19,16.0627083333333,75.6440277777778
"307","Wiltshire",2018-04-20,13.2507638888889,84.3555208333333
"308","Wiltshire",2018-04-21,14.7150347222222,84.2468055555556
"309","Wiltshire",2018-04-22,13.6332638888889,83.3845138888888
"310","Wiltshire",2018-04-23,11.3155208333334,82.2696527777778
"311","Wiltshire",2018-04-24,11.4387847222222,92.8974305555556
"312","Wiltshire",2018-04-25,9.89732638888889,84.4008333333334
"313","Wiltshire",2018-04-26,9.75586805555555,76.9943402777778
"314","Wiltshire",2018-04-27,7.62888888888889,98.185625
"315","Wiltshire",2018-04-28,7.40552083333333,94.5163888888889
"316","Wiltshire",2018-04-29,6.78371527777778,86.8991666666667
"317","Wiltshire",2018-04-30,6.806875,77.0495486111111
"318","Wiltshire",2018-05-01,8.35194444444445,79.7356597222223
"319","Wiltshire",2018-05-02,9.66357638888888,86.1627083333333
"320","Wiltshire",2018-05-03,10.6486458333334,79.5843055555555
"321","Wiltshire",2018-05-04,12.4139583333334,86.3167013888889
"322","Wiltshire",2018-05-05,14.0778819444444,81.6910069444444
"323","Wiltshire",2018-05-06,15.6747916666666,74.0956597222223
"324","Wiltshire",2018-05-07,17.6163541666666,76.4163541666667
"325","Wiltshire",2018-05-08,12.3239583333334,88.383125
"326","Wiltshire",2018-05-09,11.8315277777778,84.4393402777778
"327","Wiltshire",2018-05-10,10.5330208333333,77.9662847222222
"328","Wiltshire",2018-05-11,10.5403125,86.0761805555555
"329","Wiltshire",2018-05-12,9.72611111111111,83.2686111111111
"330","Wiltshire",2018-05-13,10.8663541666666,77.2111805555556
"331","Wiltshire",2018-05-14,12.5170833333333,70.1233680555555
"332","Wiltshire",2018-05-15,15.1140972222222,73.2683333333333
"333","Wiltshire",2018-05-16,12.51375,82.4184375
"334","Wiltshire",2018-05-17,10.9475694444445,71.5589236111112
"335","Wiltshire",2018-05-18,11.3484027777778,76.3892708333333
"336","Wiltshire",2018-05-19,13.3128472222222,74.6424652777777
"337","Wiltshire",2018-05-20,14.340625,76.6596527777778
"338","Wiltshire",2018-05-21,14.2368055555556,82.9109374999999
"339","Wiltshire",2018-05-22,15.4092013888889,78.1732638888889
"340","Wiltshire",2018-05-23,14.2539583333333,77.8445833333333
"341","Wiltshire",2018-05-24,11.5230208333333,98.2051041666666
"342","Wiltshire",2018-05-25,12.9407291666667,99.0738888888889
"343","Wiltshire",2018-05-26,15.7921180555555,93.9360763888889
"344","Wiltshire",2018-05-27,15.9377430555556,96.5722569444445
"345","Wiltshire",2018-05-28,16.2717708333333,97.7217013888888
"346","Wiltshire",2018-05-29,15.6904166666666,96.3774652777778
"347","Wiltshire",2018-05-30,14.2034375,99.9609375
"348","Wiltshire",2018-05-31,16.4534722222223,99.6369791666666
"349","Wiltshire",2018-06-01,16.3911458333333,98.8895833333333
"350","Wiltshire",2018-06-02,16.3921180555555,91.8695833333334
"351","Wiltshire",2018-06-03,16.3393402777778,88.9824305555556
"352","Wiltshire",2018-06-04,15.8890972222223,93.7604166666667
"353","Wiltshire",2018-06-05,12.8467013888889,93.4629861111111
"354","Wiltshire",2018-06-06,13.8838541666667,85.3964930555556
"355","Wiltshire",2018-06-07,14.0426388888889,94.9969791666666
"356","Wiltshire",2018-06-08,14.5463541666667,94.5462152777777
"357","Wiltshire",2018-06-09,15.4126736111111,90.8014930555555
"358","Wiltshire",2018-06-10,15.5189236111111,92.9919097222222
"359","Wiltshire",2018-06-11,16.7046527777778,80.9882291666667
"360","Wiltshire",2018-06-12,13.9797916666666,88.9658333333334
"361","Wiltshire",2018-06-13,14.4745138888889,87.8595138888889
"362","Wiltshire",2018-06-14,14.9332986111111,88.6519791666666
"363","Wiltshire",2018-06-15,13.7117708333334,81.8819791666667
"364","Wiltshire",2018-06-16,13.3746527777778,88.99
"365","Wiltshire",2018-06-17,13.765,97.0222916666667
"366","Wiltshire",2018-06-18,15.5703819444444,94.6160069444444
"367","Wiltshire",2018-06-19,16.9593402777778,97.0371875
"368","Wiltshire",2018-06-20,16.3002430555556,94.7129861111111
"369","Wiltshire",2018-06-21,12.8484375,74.1314583333333
"370","Wiltshire",2018-06-22,13.470625,77.7020486111112
"371","Wiltshire",2018-06-23,15.3792013888889,74.4738888888889
"372","Wiltshire",2018-06-24,16.3632291666667,70.9024305555556
"373","Wiltshire",2018-06-25,17.9200694444445,71.7801388888888
"374","Wiltshire",2018-06-26,19.5105902777778,63.9085763888889
"375","Wiltshire",2018-06-27,18.1849652777777,71.9129861111111
"376","Wiltshire",2018-06-28,18.0444097222222,77.2734722222222
"377","Wiltshire",2018-06-29,18.7196527777777,71.8372916666667
"378","Wiltshire",2018-06-30,18.3407291666666,71.8164236111111
"379","Wiltshire",2018-07-01,20.1881944444444,70.2079861111111
"380","Wiltshire",2018-07-02,21.3095833333334,54.7641666666667
"381","Wiltshire",2018-07-03,19.3244444444445,58.3776736111111
"382","Wiltshire",2018-07-04,17.4012847222223,84.3876041666667
"383","Wiltshire",2018-07-05,19.3880902777777,79.4666666666666
"384","Wiltshire",2018-07-06,20.1124652777778,72.5413888888889
"385","Wiltshire",2018-07-07,20.0099652777778,72.9232986111111
"386","Wiltshire",2018-07-08,21.1907986111111,69.7958333333333
"387","Wiltshire",2018-07-09,21.1546527777777,70.5953125
"388","Wiltshire",2018-07-10,18.2977430555556,68.6212152777778
"389","Wiltshire",2018-07-11,17.9875,72.1277430555556
"390","Wiltshire",2018-07-12,18.851875,72.0837847222222
"391","Wiltshire",2018-07-13,17.6355555555555,86.0234375
"392","Wiltshire",2018-07-14,17.4141319444444,84.03875
"393","Wiltshire",2018-07-15,18.4566666666666,74.325625
"394","Wiltshire",2018-07-16,17.4383333333333,80.2809375
"395","Wiltshire",2018-07-17,16.4592013888889,77.6472222222222
"396","Wiltshire",2018-07-18,17.1580555555555,78.7902777777778
"397","Wiltshire",2018-07-19,17.5638194444445,75.2937152777778
"398","Wiltshire",2018-07-20,18.3147916666667,73.7951388888889
"399","Wiltshire",2018-07-21,18.5839583333333,78.9239236111111
"400","Wiltshire",2018-07-22,20.4561458333334,74.1418055555555
"401","Wiltshire",2018-07-23,20.4876041666666,82.1196180555555
"402","Wiltshire",2018-07-24,19.6217708333334,74.6296180555555
"403","Wiltshire",2018-07-25,18.7383333333334,65.1865625
"404","Wiltshire",2018-07-26,19.9022569444445,70.1553472222222
"405","Wiltshire",2018-07-27,20.1627083333333,72.1852777777777
"406","Wiltshire",2018-07-28,15.4222569444444,87.4996527777778
"407","Wiltshire",2018-07-29,16.0901388888889,97.5451041666666
"408","Wiltshire",2018-07-30,16.4898958333333,97.435
"409","Wiltshire",2018-07-31,16.3519791666666,88.0092361111111
"410","Wiltshire",2018-08-01,16.0848958333333,84.1351736111111
"411","Wiltshire",2018-08-02,18.2109027777777,86.9694097222222
"412","Wiltshire",2018-08-03,19.3301736111111,88.4581944444444
"413","Wiltshire",2018-08-04,19.5990625,78.6801041666667
"414","Wiltshire",2018-08-05,19.6621875,74.6535763888889
"415","Wiltshire",2018-08-06,19.0417361111111,79.8382986111111
"416","Wiltshire",2018-08-07,17.4801388888889,81.3063888888889
"417","Wiltshire",2018-08-08,15.1748958333334,85.0941666666666
"418","Wiltshire",2018-08-09,15.0690277777777,76.9332986111112
"419","Wiltshire",2018-08-10,13.1286805555556,88.6460416666666
"420","Wiltshire",2018-08-11,13.1647222222222,92.4868402777778
"421","Wiltshire",2018-08-12,15.8078819444444,99.3528819444444
"422","Wiltshire",2018-08-13,16.9119791666666,91.5807638888889
"423","Wiltshire",2018-08-14,16.8306597222222,90.3713541666666
"424","Wiltshire",2018-08-15,17.8079513888889,90.0248958333333
"425","Wiltshire",2018-08-16,15.3894791666666,91.9057638888889
"426","Wiltshire",2018-08-17,14.914375,87.6779861111112
"427","Wiltshire",2018-08-18,16.6030902777778,96.3899305555556
"428","Wiltshire",2018-08-19,17.6326736111111,94.0454513888889
"429","Wiltshire",2018-08-20,18.4565972222222,93.5558333333333
"430","Wiltshire",2018-08-21,17.1537847222222,92.7501388888888
"431","Wiltshire",2018-08-22,17.5704166666667,93.9671180555555
"432","Wiltshire",2018-08-23,15.6765972222223,91.3699652777778
"433","Wiltshire",2018-08-24,11.9755555555555,89.3543055555556
"434","Wiltshire",2018-08-25,12.0875694444445,87.7771875
"435","Wiltshire",2018-08-26,13.2440625,98.0048611111111
"436","Wiltshire",2018-08-27,14.3177430555555,94.0808680555556
"437","Wiltshire",2018-08-28,14.4461805555556,91.3206597222222
"438","Wiltshire",2018-08-29,13.9801736111111,92.4211805555556
"439","Wiltshire",2018-08-30,11.99375,85.6750694444445
"440","Wiltshire",2018-08-31,13.7239583333333,86.3816666666667
"441","Wiltshire",2018-09-01,15.9283680555555,87.8142708333333
"442","Wiltshire",2018-09-02,17.2469097222222,79.2707638888889
"443","Wiltshire",2018-09-03,16.7252083333333,83.3965625
"444","Wiltshire",2018-09-04,14.9735763888889,89.4937499999999
"445","Wiltshire",2018-09-05,14.9522222222222,80.0256944444444
"446","Wiltshire",2018-09-06,12.6803472222222,89.5232638888889
"447","Wiltshire",2018-09-07,11.7489583333333,83.1364930555555
"448","Wiltshire",2018-09-08,13.4438541666667,92.784375
"449","Wiltshire",2018-09-09,15.8069791666667,86.6336111111111
"450","Wiltshire",2018-09-10,15.3009375,84.366875
"451","Wiltshire",2018-09-11,16.4448263888889,94.6713888888889
"452","Wiltshire",2018-09-12,11.6231597222222,93.6065972222222
"453","Wiltshire",2018-09-13,10.4422916666666,85.8773263888889
"454","Wiltshire",2018-09-14,12.5389236111111,95.6317361111111
"455","Wiltshire",2018-09-15,14.2071875,88.6403819444444
"456","Wiltshire",2018-09-16,16.1375694444445,90.7870138888889
"457","Wiltshire",2018-09-17,17.4205208333333,85.5337499999999
"458","Wiltshire",2018-09-18,17.2520138888889,88.1829861111111
"459","Wiltshire",2018-09-19,16.3675694444444,89.9834375
"460","Wiltshire",2018-09-20,15.5170833333333,97.8196180555556
"461","Wiltshire",2018-09-21,11.2494097222222,91.2015277777778
"462","Wiltshire",2018-09-22,10.0086805555555,99.6384027777778
"463","Wiltshire",2018-09-23,8.77538194444444,97.5967361111112
"464","Wiltshire",2018-09-24,7.96611111111111,91.2431944444445
"465","Wiltshire",2018-09-25,8.53409722222223,90.2046875
"466","Wiltshire",2018-09-26,11.2497222222222,86.6158680555556
"467","Wiltshire",2018-09-27,11.8635069444444,81.7542361111111
"468","Wiltshire",2018-09-28,11.3252777777778,81.5749652777778
"469","Wiltshire",2018-09-29,8.01045138888889,85.8833333333334
"470","Wiltshire",2018-09-30,8.74784722222222,86.0133680555556
"471","Wiltshire",2018-10-01,9.69479166666666,82.1983680555555
"472","Wiltshire",2018-10-02,14.6942708333333,91.6228819444445
"473","Wiltshire",2018-10-03,13.3281597222222,92.3768402777778
"474","Wiltshire",2018-10-04,13.9022916666667,92.4451388888889
"475","Wiltshire",2018-10-05,14.1476041666667,92.4985416666667
"476","Wiltshire",2018-10-06,8.55173611111111,96.5372569444445
"477","Wiltshire",2018-10-07,7.20621527777778,89.3285069444445
"478","Wiltshire",2018-10-08,11.7680555555556,92.1616666666667
"479","Wiltshire",2018-10-09,12.6526041666666,88.7503125
"480","Wiltshire",2018-10-10,14.2555555555555,88.2862152777778
"481","Wiltshire",2018-10-11,14.8072222222223,92.1662152777778
"482","Wiltshire",2018-10-12,15.1623958333333,95.7388541666666
"483","Wiltshire",2018-10-13,17.6853819444445,91.8483333333333
"484","Wiltshire",2018-10-14,10.3643402777777,97.6066319444444
"485","Wiltshire",2018-10-15,10.1407986111111,99.6916319444445
"486","Wiltshire",2018-10-16,12.4039236111111,99.6552083333333
"487","Wiltshire",2018-10-17,12.7305902777778,96.5687847222223
"488","Wiltshire",2018-10-18,9.94447916666665,94.3276041666666
"489","Wiltshire",2018-10-19,8.47736111111111,93.4325
"490","Wiltshire",2018-10-20,9.29180555555556,96.7502083333333
"491","Wiltshire",2018-10-21,10.7058333333333,93.8880555555556
"492","Wiltshire",2018-10-22,10.4813194444445,83.5934027777778
"493","Wiltshire",2018-10-23,14.9590277777778,81.6870833333333
"494","Wiltshire",2019-04-25,11.0982777777778,78.1724444444444
"495","Wiltshire",2019-04-26,9.1328125,91.0931597222222
"496","Wiltshire",2019-04-27,7.95381944444444,84.165625
"497","Wiltshire",2019-04-28,9.41243055555556,78.7448958333333
"498","Wiltshire",2019-04-29,10.7652777777778,78.5884375
"499","Wiltshire",2019-04-30,10.5934027777778,78.8427083333333
"500","Wiltshire",2019-05-01,11.0147916666667,88.3333680555556
"501","Wiltshire",2019-05-02,9.20979166666666,90.7699652777777
"502","Wiltshire",2019-05-03,8.91555555555555,92.2454861111111
"503","Wiltshire",2019-05-04,7.37204861111111,74.4984375
"504","Wiltshire",2019-05-05,7.55576388888889,75.3418402777777
"505","Wiltshire",2019-05-06,8.29454861111111,74.3468055555556
"506","Wiltshire",2019-05-07,9.9512847222222,73.8743055555556
"507","Wiltshire",2019-05-08,9.71579861111111,96.5800347222223
"508","Wiltshire",2019-05-09,9.501875,96.9929513888889
"509","Wiltshire",2019-05-10,9.36263888888889,86.9298611111111
"510","Wiltshire",2019-05-11,9.84739583333332,83.5206597222222
"511","Wiltshire",2019-05-12,10.7798611111111,68.2792013888889
"512","Wiltshire",2019-05-13,11.681875,66.5903819444445
"513","Wiltshire",2019-05-14,12.1796527777778,63.7903125
"514","Wiltshire",2019-05-15,13.1702430555555,66.3060416666667
"515","Wiltshire",2019-05-16,12.2362847222222,66.5939236111111
"516","Wiltshire",2019-05-17,10.3571180555556,87.3334722222222
"517","Wiltshire",2019-05-18,12.2319444444445,82.2732986111111
"518","Wiltshire",2019-05-19,12.6744444444444,85.8294444444444
"519","Wiltshire",2019-05-20,13.5701388888888,79.4876041666667
"520","Wiltshire",2019-05-21,13.0720138888889,75.22875
"521","Wiltshire",2019-05-22,13.4406597222223,70.6579166666667
"522","Wiltshire",2019-05-23,13.5055208333333,74.7340277777778
"523","Wiltshire",2019-05-24,14.5657638888889,79.8402430555556
"524","Wiltshire",2019-05-25,15.4864583333333,81.1277777777778
"525","Wiltshire",2019-05-26,14.4109027777778,90.6923263888889
"526","Wiltshire",2019-05-27,12.45125,83.9465277777778
"527","Wiltshire",2019-05-28,11.5852777777777,87.1149305555556
"528","Wiltshire",2019-05-29,10.3380902777778,97.0979166666667
"529","Wiltshire",2019-05-30,15.7277083333333,87.2792708333333
"530","Wiltshire",2019-05-31,14.9666666666667,91.7373611111111
"531","Wiltshire",2019-06-01,16.34125,80.8631597222222
"532","Wiltshire",2019-06-02,14.6742361111111,92.5849652777777
"533","Wiltshire",2019-06-03,12.4808333333334,92.0749305555556
"534","Wiltshire",2019-06-04,12.8077430555555,91.4660069444444
"535","Wiltshire",2019-06-05,12.7177777777778,83.1905555555555
"536","Wiltshire",2019-06-06,12.0520833333333,75.8724305555556
"537","Wiltshire",2019-06-07,11.3168055555556,96.3071180555555
"538","Wiltshire",2019-06-08,12.0795138888889,88.325625
"539","Wiltshire",2019-06-09,11.3405902777777,88.3144791666666
"540","Wiltshire",2019-06-10,9.21784722222223,97.1575
"541","Wiltshire",2019-06-11,9.36177083333333,99.9502430555555
"542","Wiltshire",2019-06-12,10.7109027777778,97.6963194444445
"543","Wiltshire",2019-06-13,11.4789236111111,100
"544","Wiltshire",2019-06-14,12.4572569444444,93.6010069444444
"545","Wiltshire",2019-06-15,11.82625,97.1511458333333
"546","Wiltshire",2019-06-16,12.7665277777778,95.9451736111111
"547","Wiltshire",2019-06-17,14.4988541666667,89.6275
"548","Wiltshire",2019-06-18,12.9563541666666,98.5318055555556
"549","Wiltshire",2019-06-19,14.0288888888889,97.8342361111111
"550","Wiltshire",2019-06-20,13.0318402777778,89.4562847222223
"551","Wiltshire",2019-06-21,13.1553125,82.7085763888889
"552","Wiltshire",2019-06-22,13.6902777777777,79.5225
"553","Wiltshire",2019-06-23,15.7573958333333,86.2204513888889
"554","Wiltshire",2019-06-24,17.8581944444445,90.6923611111111
"555","Wiltshire",2019-06-25,16.7450347222222,98.9484722222222
"556","Wiltshire",2019-06-26,15.4747916666667,96.2425
"557","Wiltshire",2019-06-27,16.3347222222222,80.6818402777778
"558","Wiltshire",2019-06-28,17.7598958333333,79.0513541666666
"559","Wiltshire",2019-06-29,20.1379513888889,80.5803819444444
"560","Wiltshire",2019-06-30,16.4032291666666,84.5950347222223
"561","Wiltshire",2019-07-01,15.61,79.7074652777778
"562","Wiltshire",2019-07-02,14.8163541666666,76.0182291666667
"563","Wiltshire",2019-07-03,15.0169444444444,75.5195486111111
"564","Wiltshire",2019-07-04,16.5821875,73.6676736111111
"565","Wiltshire",2019-07-05,17.4555555555555,75.52125
"566","Wiltshire",2019-07-06,16.9547916666667,83.1209374999999
"567","Wiltshire",2019-07-07,16.3846527777778,79.234375
"568","Wiltshire",2019-07-08,16.6199652777778,81.7819791666666
"569","Wiltshire",2019-07-09,17.6381597222222,77.4782291666667
"570","Wiltshire",2019-07-10,18.3720486111111,80.1273611111111
"571","Wiltshire",2019-07-11,17.6563888888889,83.5673958333333
"572","Wiltshire",2019-07-12,18.6315277777777,77.5409375
"573","Wiltshire",2019-07-13,16.0498611111111,82.74625
"574","Wiltshire",2019-07-14,17.0017361111111,80.1407291666667
"575","Wiltshire",2019-07-15,15.6396875,79.3682986111111
"576","Wiltshire",2019-07-16,17.1801736111112,74.7941319444444
"577","Wiltshire",2019-07-17,17.0225,83.3464583333333
"578","Wiltshire",2019-07-18,16.3026388888889,86.2109375
"579","Wiltshire",2019-07-19,15.2737152777778,98.6325
"580","Wiltshire",2019-07-20,16.5352777777778,93.9246180555556
"581","Wiltshire",2019-07-21,16.3442708333333,90.5910069444444
"582","Wiltshire",2019-07-22,19.2717361111111,93.5429861111111
"583","Wiltshire",2019-07-23,21.2986111111111,77.5885763888889
"584","Wiltshire",2019-07-24,20.1071180555555,89.0428819444444
"585","Wiltshire",2019-07-25,21.3009027777778,80.8384375
"586","Wiltshire",2019-07-26,18.5957638888889,91.1396180555556
"587","Wiltshire",2019-07-27,17.1829166666666,87.5585416666667
"588","Wiltshire",2019-07-28,16.5139236111112,83.2272916666666
"589","Wiltshire",2019-07-29,17.1030902777778,76.0127083333334
"590","Wiltshire",2019-07-30,16.5452430555556,94.2785069444444
"591","Wiltshire",2019-07-31,16.5094791666667,89.3705208333333
"592","Wiltshire",2019-08-01,16.4057291666667,89.4820486111111
"593","Wiltshire",2019-08-02,17.8784375,86.7647222222222
"594","Wiltshire",2019-08-03,17.1581944444445,89.2139236111111
"595","Wiltshire",2019-08-04,17.4997569444444,89.9248958333333
"596","Wiltshire",2019-08-05,17.3565277777777,87.39125
"597","Wiltshire",2019-08-06,16.3912847222222,93.8357291666667
"598","Wiltshire",2019-08-07,15.5203125,96.1234722222222
"599","Wiltshire",2019-08-08,16.4864930555555,92.071875
"600","Wiltshire",2019-08-09,17.4111458333333,96.9814583333334
"601","Wiltshire",2019-08-10,15.8265277777778,94.8774652777778
"602","Wiltshire",2019-08-11,15.2227777777778,94.6188541666667
"603","Wiltshire",2019-08-12,13.5302083333334,94.7516319444445
"604","Wiltshire",2019-08-13,13.4835069444444,89.3436111111111
"605","Wiltshire",2019-08-14,14.6576041666667,99.7320138888888
"606","Wiltshire",2019-08-15,15.7847916666666,91.9870833333333
"607","Wiltshire",2019-08-16,14.8630208333333,99.4248263888888
"608","Wiltshire",2019-08-17,15.346875,93.0714236111112
"609","Wiltshire",2019-08-18,14.5868055555556,91.7845833333334
"610","Wiltshire",2019-08-19,13.8405555555556,94.2520833333333
"611","Wiltshire",2019-08-20,13.7431944444445,87.4611111111111
"612","Wiltshire",2019-08-21,14.7576736111111,88.7718402777778
"613","Wiltshire",2019-08-22,15.5763194444445,92.5390625
"614","Wiltshire",2019-08-23,16.9334722222222,88.5954861111111
"615","Wiltshire",2019-08-24,17.5657638888888,77.3562847222222
"616","Wiltshire",2019-08-25,19.4462152777777,83.1644444444445
"617","Wiltshire",2019-08-26,17.7080555555555,91.2650694444444
"618","Wiltshire",2019-08-27,17.6295486111111,93.3274652777778
"619","Wiltshire",2019-08-28,15.7377083333333,96.1994791666666
"620","Wiltshire",2019-08-29,13.8999305555556,94.0547916666667
"621","Wiltshire",2019-08-30,16.1870138888888,91.4055208333334
"622","Wiltshire",2019-08-31,14.8172569444444,93.6433680555556
"623","Wiltshire",2019-09-01,13.3206944444444,81.0285763888889
"624","Wiltshire",2019-09-02,13.2296875,88.9360763888889
"625","Wiltshire",2019-09-03,15.2645486111111,93.4185763888889
"626","Wiltshire",2019-09-04,14.4905555555556,91.0360069444444
"627","Wiltshire",2019-09-05,12.6421180555555,81.1218402777777
"628","Wiltshire",2019-09-06,12.5943055555556,94.8678472222223
"629","Wiltshire",2019-09-07,12.5959027777778,89.425625
"630","Wiltshire",2019-09-08,10.8984375,85.8681597222223
"631","Wiltshire",2019-09-09,11.8535069444444,98.7558680555556
"632","Wiltshire",2019-09-10,13.0615972222223,95.4020138888888
"633","Wiltshire",2019-09-11,14.8236805555555,98.7377083333333
"634","Wiltshire",2019-09-12,16.2834375,95.7650347222222
"635","Wiltshire",2019-09-13,14.2332986111111,82.4023958333333
"636","Wiltshire",2019-09-14,12.7695486111111,81.8087847222222
"637","Wiltshire",2019-09-15,15.1522569444444,91.1576388888889
"638","Wiltshire",2019-09-16,15.8074652777778,98.2973611111111
"639","Wiltshire",2019-09-17,12.3709027777778,87.0884027777778
"640","Wiltshire",2019-09-18,11.4259375,81.9058680555556
"641","Wiltshire",2019-09-19,12.5207638888889,83.6489583333333
"642","Wiltshire",2019-09-20,13.6698958333333,74.2480208333334
"643","Wiltshire",2019-09-21,16.2100694444444,73.1385416666667
"644","Wiltshire",2019-09-22,15.5475,96.7975694444444
"645","Wiltshire",2019-09-23,12.9967620751341,98.5592432915922
"646","Hexham",2019-04-21,13.2370486111111,72.6025694444444
"647","Hexham",2019-04-22,11.1957986111111,75.7033680555556
"648","Hexham",2019-04-23,10.4715277777777,85.0867013888889
"649","Hexham",2019-04-24,10.0135416666667,91.9528125
"650","Hexham",2019-04-25,8.75579861111111,95.8070833333333
"651","Hexham",2019-04-26,8.24465277777777,92.0321875
"652","Hexham",2019-04-27,7.11625,97.7867361111111
"653","Hexham",2019-04-28,7.629375,88.4634375
"654","Hexham",2019-04-29,8.33642361111111,86.3118055555556
"655","Hexham",2019-04-30,9.03878472222222,87.7871180555556
"656","Hexham",2019-05-01,9.73288194444445,92.8481597222222
"657","Hexham",2019-05-02,8.2584375,90.4072222222222
"658","Hexham",2019-05-03,6.02354166666666,86.2970138888889
"659","Hexham",2019-05-04,4.8209375,81.6960416666666
"660","Hexham",2019-05-05,6.3484375,75.3024305555556
"661","Hexham",2019-05-06,5.709375,89.1453472222223
"662","Hexham",2019-05-07,6.00913194444444,90.3336111111111
"663","Hexham",2019-05-08,6.37034722222223,100
"664","Hexham",2019-05-09,6.38871527777778,91.1189236111111
"665","Hexham",2019-05-10,5.73840277777778,85.2039583333333
"666","Hexham",2019-05-11,7.26666666666667,86.3505902777777
"667","Hexham",2019-05-12,8.13239583333333,81.0372222222223
"668","Hexham",2019-05-13,10.0988541666666,77.9722569444444
"669","Hexham",2019-05-14,12.8577430555556,80.4160416666666
"670","Hexham",2019-05-15,13.3997222222222,82.6066319444444
"671","Hexham",2019-05-16,10.435,78.2223958333334
"672","Hexham",2019-05-17,11.4981597222223,82.8950347222222
"673","Hexham",2019-05-18,10.5391666666667,98.9212847222222
"674","Hexham",2019-05-19,10.3878125,93.19625
"675","Hexham",2019-05-20,12.6220486111111,83.0091319444444
"676","Hexham",2019-05-21,11.4890277777777,79.2193402777778
"677","Hexham",2019-05-22,11.5895833333334,68.7088194444445
"678","Hexham",2019-05-23,12.3617013888889,67.3093402777777
"679","Hexham",2019-05-24,12.9836458333333,73.1538194444445
"680","Hexham",2019-05-25,11.4454861111111,88.283125
"681","Hexham",2019-05-26,13.3987847222222,89.8427430555556
"682","Hexham",2019-05-27,9.90177083333333,89.3430902777777
"683","Hexham",2019-05-28,8.24972222222222,97.0724652777778
"684","Hexham",2019-05-29,8.235625,96.4277083333334
"685","Hexham",2019-05-30,14.2295486111111,99.0227777777777
"686","Hexham",2019-05-31,13.9410416666667,94.8644444444444
"687","Hexham",2019-06-01,13.0241319444444,94.7163888888888
"688","Hexham",2019-06-02,14.1473958333334,91.0682986111111
"689","Hexham",2019-06-03,12.6709375,76.7111458333333
"690","Hexham",2019-06-04,11.56625,91.664375
"691","Hexham",2019-06-05,11.8721527777778,91.6734027777778
"692","Hexham",2019-06-06,11.9634722222222,83.1823263888889
"693","Hexham",2019-06-07,10.4691319444444,92.8554861111111
"694","Hexham",2019-06-08,10.0111111111111,100
"695","Hexham",2019-06-09,11.3864583333333,84.6102777777778
"696","Hexham",2019-06-10,10.4417708333333,86.9675347222222
"697","Hexham",2019-06-11,9.57336805555556,92.2456597222223
"698","Hexham",2019-06-12,9.9059375,99.8630208333333
"699","Hexham",2019-06-13,8.73697916666666,100
"700","Hexham",2019-06-14,9.70510416666666,98.2156597222223
"701","Hexham",2019-06-15,10.8780208333334,98.1285069444445
"702","Hexham",2019-06-16,11.3323958333333,93.1057291666666
"703","Hexham",2019-06-17,13.6737152777778,84.8283680555556
"704","Hexham",2019-06-18,14.4471527777778,81.9005555555556
"705","Hexham",2019-06-19,13.0426388888889,89.8601388888889
"706","Hexham",2019-06-20,12.2587152777778,80.8986111111111
"707","Hexham",2019-06-21,12.3200347222222,82.2422916666667
"708","Hexham",2019-06-22,11.3495138888889,92.9134027777777
"709","Hexham",2019-06-23,13.6684027777778,89.8440277777778
"710","Hexham",2019-06-24,13.9357638888889,100
"711","Hexham",2019-06-25,12.4078125,100
"712","Hexham",2019-06-26,11.8979166666666,95.6119791666667
"713","Hexham",2019-06-27,13.3056597222222,89.5134375
"714","Hexham",2019-06-28,15.1529166666666,90.6794791666667
"715","Hexham",2019-06-29,16.8955555555555,95.7460069444444
"716","Hexham",2019-06-30,15.3400694444444,90.2561458333333
"717","Hexham",2019-07-01,14.5420138888889,82.8807291666666
"718","Hexham",2019-07-02,13.6256944444444,79.6477083333334
"719","Hexham",2019-07-03,13.4819791666667,81.9466319444444
"720","Hexham",2019-07-04,14.0681944444445,85.5535416666667
"721","Hexham",2019-07-05,14.965625,87.0485763888889
"722","Hexham",2019-07-06,14.6359375,80.1913888888889
"723","Hexham",2019-07-07,12.2932986111111,87.3163541666667
"724","Hexham",2019-07-08,11.6954166666666,92.3442361111111
"725","Hexham",2019-07-09,13.8435763888889,99.6976388888889
"726","Hexham",2019-07-10,15.6791666666666,97.9037847222222
"727","Hexham",2019-07-11,16.1714583333333,92.1636111111111
"728","Hexham",2019-07-12,15.3475347222222,96.6180208333334
"729","Hexham",2019-07-13,14.9609722222222,99.4387152777778
"730","Hexham",2019-07-14,14.0830902777778,97.7282638888889
"731","Hexham",2019-07-15,14.1569791666667,96.3104166666666
"732","Hexham",2019-07-16,15.4997916666666,92.9940625
"733","Hexham",2019-07-17,14.8701388888889,94.6352430555555
"734","Hexham",2019-07-18,15.2695486111111,87.3571527777777
"735","Hexham",2019-07-19,14.34,95.3977083333334
"736","Hexham",2019-07-20,15.8541666666667,91.6742013888889
"737","Hexham",2019-07-21,14.9160069444444,90.5380208333333
"738","Hexham",2019-07-22,18.6657986111111,90.5529513888889
"739","Hexham",2019-07-23,20.0688888888889,88.5944791666667
"740","Hexham",2019-07-24,19.401875,93.4421875
"741","Hexham",2019-07-25,19.3646527777777,93.174375
"742","Hexham",2019-07-26,18.0464236111111,99.2272222222222
"743","Hexham",2019-07-27,15.1615972222222,100
"744","Hexham",2019-07-28,16.9244444444445,99.9151736111111
"745","Hexham",2019-07-29,15.91875,99.8850347222222
"746","Hexham",2019-07-30,14.350625,100
"747","Hexham",2019-07-31,16.0234722222222,100
"748","Hexham",2019-08-01,15.9865625,98.5793055555555
"749","Hexham",2019-08-02,15.5179861111111,99.9741666666666
"750","Hexham",2019-08-03,15.5207638888889,98.6421527777778
"751","Hexham",2019-08-04,16.6614930555555,98.6921875
"752","Hexham",2019-08-05,15.4402777777778,92.4957986111111
"753","Hexham",2019-08-06,14.4016319444444,98.7576388888889
"754","Hexham",2019-08-07,14.7636111111111,91.779375
"755","Hexham",2019-08-08,15.0100694444445,94.5686111111111
"756","Hexham",2019-08-09,15.4,99.9960416666667
"757","Hexham",2019-08-10,15.7821527777777,99.7509375
"758","Hexham",2019-08-11,13.7716319444445,99.7979861111111
"759","Hexham",2019-08-12,11.5650347222223,95.0270833333333
"760","Hexham",2019-08-13,11.7683680555556,92.4631944444444
"761","Hexham",2019-08-14,11.7654861111111,99.9817013888889
"762","Hexham",2019-08-15,14.1820486111111,88.8782638888889
"763","Hexham",2019-08-16,14.1723611111112,98.8505208333333
"764","Hexham",2019-08-17,14.2706597222222,90.0533333333333
"765","Hexham",2019-08-18,13.5240625,92.9455208333333
"766","Hexham",2019-08-19,13.5130208333333,90.2464583333334
"767","Hexham",2019-08-20,12.9715625,90.3048958333333
"768","Hexham",2019-08-21,13.1733333333333,90.6647569444444
"769","Hexham",2019-08-22,14.5634027777778,98.5538194444444
"770","Hexham",2019-08-23,17.3990972222222,91.8577777777778
"771","Hexham",2019-08-24,15.8696527777778,92.5580555555555
"772","Hexham",2019-08-25,15.8997222222223,92.6629513888889
"773","Hexham",2019-08-26,16.3330208333333,97.5336805555555
"774","Hexham",2019-08-27,16.1648263888889,98.3671527777778
"775","Hexham",2019-08-28,14.0940277777778,96.5827777777778
"776","Hexham",2019-08-29,13.9018402777778,92.8649305555556
"777","Hexham",2019-08-30,15.7296527777778,91.7478472222222
"778","Hexham",2019-08-31,14.6453125,85.0836458333333
"779","Hexham",2019-09-01,11.9937847222222,85.9697916666667
"780","Hexham",2019-09-02,11.8510763888889,94.2930555555556
"781","Hexham",2019-09-03,15.4175347222222,94.9018055555556
"782","Hexham",2019-09-04,12.436875,93.6795486111111
"783","Hexham",2019-09-05,11.2703472222222,86.6866319444445
"784","Hexham",2019-09-06,12.8733333333333,89.3689236111111
"785","Hexham",2019-09-07,10.2858680555556,90.0996875
"786","Hexham",2019-09-08,8.5278125,93.3376388888889
"787","Hexham",2019-09-09,10.6414236111111,98.4730208333334
"788","Hexham",2019-09-10,10.4864583333333,94.0094097222222
"789","Hexham",2019-09-11,14.4155555555555,89.1272916666667
"790","Hexham",2019-09-12,14.2956944444444,92.3827430555556
"791","Hexham",2019-09-13,10.8038888888888,91.236875
"792","Hexham",2019-09-14,10.9906597222222,86.1093402777777
"793","Hexham",2019-09-15,12.2650347222222,89.7967013888888
"794","Hexham",2019-09-16,9.45378472222222,89.5441319444444
"795","Hexham",2019-09-17,10.0437152777778,86.4905555555556
"796","Hexham",2019-09-18,9.42236111111111,92.0246527777778
"797","Hexham",2019-09-19,11.3552083333333,95.3852083333334
"798","Hexham",2019-09-20,11.0004513888889,96.2928819444444
"799","Hexham",2019-09-21,13.2531944444444,93.4989930555556
"800","Durham",2018-04-16,10.6971180555555,77.2582638888889
"801","Durham",2018-04-17,11.4754513888889,77.5003472222222
"802","Durham",2018-04-18,15.6293055555556,75.8496180555555
"803","Durham",2018-04-19,16.5797916666667,72.4897916666666
"804","Durham",2018-04-20,12.7782291666666,74.1902430555556
"805","Durham",2018-04-21,12.6965277777777,75.5219791666667
"806","Durham",2018-04-22,12.1076388888889,79.6368055555556
"807","Durham",2018-04-23,10.5464236111111,74.0221527777777
"808","Durham",2018-04-24,9.02840277777778,80.7660763888888
"809","Durham",2018-04-25,8.74534722222222,78.0259027777778
"810","Durham",2018-04-26,8.99826388888889,70.1816666666667
"811","Durham",2018-04-27,7.32246527777778,72.571875
"812","Durham",2018-04-28,5.94048611111111,88.5765277777778
"813","Durham",2018-04-29,6.22274305555556,80.6040625
"814","Durham",2018-04-30,6.34243055555556,75.9086805555555
"815","Durham",2018-05-01,8.41163194444444,69.2100694444445
"816","Durham",2018-05-02,9.06857638888889,73.9052430555556
"817","Durham",2018-05-03,9.52677083333334,71.7046527777778
"818","Durham",2018-05-04,14.1965625,74.4379861111111
"819","Durham",2018-05-05,14.5850694444444,76.8100694444445
"820","Durham",2018-05-06,16.0822916666666,76.4386458333333
"821","Durham",2018-05-07,17.2719444444444,72.1658680555555
"822","Durham",2018-05-08,15.2773958333334,79.7445833333333
"823","Durham",2018-05-09,10.4538888888888,84.5734375
"824","Durham",2018-05-10,10.07,74.9214930555555
"825","Durham",2018-05-11,10.9586805555555,72.7560069444445
"826","Durham",2018-05-12,11.91,79.1410416666666
"827","Durham",2018-05-13,11.8025694444444,79.8066666666667
"828","Durham",2018-05-14,12.2070486111111,69.4994791666666
"829","Durham",2018-05-15,14.0882291666667,76.7602777777777
"830","Durham",2018-05-16,8.90840277777778,84.6187847222222
"831","Durham",2018-05-17,8.50340277777778,77.8526388888889
"832","Durham",2018-05-18,10.0552083333333,72.4245486111111
"833","Durham",2018-05-19,13.6326736111111,72.4048263888889
"834","Durham",2018-05-20,15.0848263888889,74.3522222222222
"835","Durham",2018-05-21,14.8054166666667,75.4164236111111
"836","Durham",2018-05-22,9.41871527777778,94.6970138888889
"837","Durham",2018-05-23,9.77447916666667,90.6481597222222
"838","Durham",2018-05-24,11.1145138888889,87.4489583333334
"839","Durham",2018-05-25,11.3219791666667,94.8760069444444
"840","Durham",2018-05-26,13.1615972222222,90.7238194444444
"841","Durham",2018-05-27,14.8019444444444,86.4498958333333
"842","Durham",2018-05-28,15.46125,90.0718402777778
"843","Durham",2018-05-29,12.7119791666667,97.7310763888889
"844","Durham",2018-05-30,12.4763541666667,97.9366319444444
"845","Durham",2018-05-31,15.9915625,90.6584375
"846","Durham",2018-06-01,16.3439583333333,87.7699652777778
"847","Durham",2018-06-02,15.4172916666666,95.2589236111112
"848","Durham",2018-06-03,14.0586458333333,99.3441319444445
"849","Durham",2018-06-04,12.0231944444444,97.3898263888888
"850","Durham",2018-06-05,11.8823958333334,86.4829861111111
"851","Durham",2018-06-06,11.0542013888889,95.4720486111111
"852","Durham",2018-06-07,12.55,88.1596875
"853","Durham",2018-06-08,11.7518055555555,90.6406597222223
"854","Durham",2018-06-09,12.1710763888889,90.8709027777778
"855","Durham",2018-06-10,13.1421180555555,94.1259375
"856","Durham",2018-06-11,13.5842361111111,92.41375
"857","Durham",2018-06-12,13.0755208333333,85.7297916666667
"858","Durham",2018-06-13,12.8873263888888,88.0230902777778
"859","Durham",2018-06-14,14.1266319444444,78.025
"860","Durham",2018-06-15,11.3272569444444,83.710625
"861","Durham",2018-06-16,11.4134722222222,87.8043055555555
"862","Durham",2018-06-17,12.9706597222222,85.6007291666667
"863","Durham",2018-06-18,14.3557986111112,78.8132638888889
"864","Durham",2018-06-19,12.7162847222222,82.5924305555556
"865","Durham",2018-06-20,14.5647916666667,83.1437847222222
"866","Durham",2018-06-21,12.1493055555556,69.4310763888889
"867","Durham",2018-06-22,13.0077430555556,67.2935416666666
"868","Durham",2018-06-23,12.8140625,78.8520138888888
"869","Durham",2018-06-24,16.3373958333333,67.43125
"870","Durham",2018-06-25,17.2143402777778,63.2103472222222
"871","Durham",2018-06-26,15.2807291666666,78.0532291666667
"872","Durham",2018-06-27,16.3361458333333,77.3026736111111
"873","Durham",2018-06-28,16.5139930555555,69.4544097222222
"874","Durham",2018-06-29,14.9042708333333,79.0631944444444
"875","Durham",2018-06-30,15.2290625,80.5337152777778
"876","Durham",2018-07-01,16.9459027777778,78.1876041666666
"877","Durham",2018-07-02,15.7586805555556,82.4618055555555
"878","Durham",2018-07-03,15.3994097222222,76.1368402777778
"879","Durham",2018-07-04,16.3245138888889,83.3779861111111
"880","Durham",2018-07-05,16.96,77.3465625
"881","Durham",2018-07-06,17.3420138888889,75.3179166666667
"882","Durham",2018-07-07,18.8930208333333,73.4774652777778
"883","Durham",2018-07-08,19.1092013888889,77.2996875
"884","Durham",2018-07-09,14.5103125,91.6018402777778
"885","Durham",2018-07-10,14.5503819444444,79.8295833333333
"886","Durham",2018-07-11,14.2003125,85.9501041666667
"887","Durham",2018-07-12,14.9516319444445,87.3710069444444
"888","Durham",2018-07-13,16.5200347222222,86.8938194444445
"889","Durham",2018-07-14,18.3740972222223,74.2606597222222
"890","Durham",2018-07-15,18.5197222222222,71.5431944444445
"891","Durham",2018-07-16,16.1470833333333,94.6424305555555
"892","Durham",2018-07-17,14.3897569444444,91.5842013888889
"893","Durham",2018-07-18,14.5352083333334,85.0234375
"894","Durham",2018-07-19,16.481875,81.4865972222222
"895","Durham",2018-07-20,14.2759375,90.7234722222223
"896","Durham",2018-07-21,16.6793055555556,89.2523263888889
"897","Durham",2018-07-22,19.4829513888889,82.5976388888889
"898","Durham",2018-07-23,19.1682986111112,87.8344791666667
"899","Durham",2018-07-24,18.0348263888889,84.0453819444444
"900","Durham",2018-07-25,16.5190972222222,75.7101041666667
"901","Durham",2018-07-26,18.5479513888889,82.1547569444444
"902","Durham",2018-07-27,19.1299305555555,91.7931597222222
"903","Durham",2018-07-28,14.7879513888889,94.2919097222222
"904","Durham",2018-07-29,13.8342708333333,99.5879166666666
"905","Durham",2018-07-30,14.9163194444445,92.8109027777778
"906","Durham",2018-07-31,14.7891319444444,82.4865972222223
"907","Durham",2018-08-01,15.5423958333333,86.9447222222222
"908","Durham",2018-08-02,18.4999305555556,88.3116319444445
"909","Durham",2018-08-03,17.6994444444444,98.9299305555556
"910","Durham",2018-08-04,16.1278819444445,88.3002777777778
"911","Durham",2018-08-05,17.8092361111111,81.4928819444444
"912","Durham",2018-08-06,17.0322569444444,90.8039583333334
"913","Durham",2018-08-07,16.7702777777778,86.8380902777778
"914","Durham",2018-08-08,14.4298263888889,78.8490972222222
"915","Durham",2018-08-09,13.8161805555555,75.8279513888889
"916","Durham",2018-08-10,12.3179861111111,85.6231944444444
"917","Durham",2018-08-11,14.1436111111111,79.7713888888889
"918","Durham",2018-08-12,16.3761805555556,99.4371180555555
"919","Durham",2018-08-13,16.2353819444444,99.899375
"920","Durham",2018-08-14,15.8176736111111,96.705
"921","Durham",2018-08-15,17.264375,93.0586458333333
"922","Durham",2018-08-16,14.3301388888889,88.7240972222222
"923","Durham",2018-08-17,13.7889583333333,90.4139236111112
"924","Durham",2018-08-18,16.7692361111111,91.1393055555556
"925","Durham",2018-08-19,16.7206597222222,97.9733680555556
"926","Durham",2018-08-20,14.9740972222222,97.9030208333333
"927","Durham",2018-08-21,16.3861458333334,96.509375
"928","Durham",2018-08-22,16.0523263888889,95.6983680555556
"929","Durham",2018-08-23,11.2025694444444,96.8288541666666
"930","Durham",2018-08-24,10.5706597222222,91.7775347222222
"931","Durham",2018-08-25,10.4147222222222,92.0843055555555
"932","Durham",2018-08-26,10.4349305555555,99.9487152777778
"933","Durham",2018-08-27,13.3436458333334,92.9476736111112
"934","Durham",2018-08-28,13.4971875,88.9673611111111
"935","Durham",2018-08-29,13.6263541666667,84.1380902777777
"936","Durham",2018-08-30,10.8199652777778,87.4679166666667
"937","Durham",2018-08-31,11.1902430555555,86.9610416666667
"938","Durham",2018-09-01,15.1133333333334,87.2480208333334
"939","Durham",2018-09-02,18.0696875,85.5351388888889
"940","Durham",2018-09-03,12.6406597222222,98.9589930555556
"941","Durham",2018-09-04,11.8238541666666,96.5970138888889
"942","Durham",2018-09-05,12.0176041666667,91.9342013888889
"943","Durham",2018-09-06,10.2271527777778,90.6734722222222
"944","Durham",2018-09-07,9.57371527777778,98.3754166666667
"945","Durham",2018-09-08,11.8957638888889,95.1334722222222
"946","Durham",2018-09-09,14.1126041666667,88.0597569444444
"947","Durham",2018-09-10,11.8976041666667,89.8431597222222
"948","Durham",2018-09-11,12.7716666666667,85.1960416666667
"949","Durham",2018-09-12,11.8225,80.0914583333333
"950","Durham",2018-09-13,12.2385416666667,84.1683333333333
"951","Durham",2018-09-14,12.2528125,88.2366666666667
"952","Durham",2018-09-15,11.1257291666667,91.4045486111111
"953","Durham",2018-09-16,14.2701736111111,84.5947569444444
"954","Durham",2018-09-17,14.0714236111111,93.4565625
"955","Durham",2018-09-18,15.67625,85.6755208333334
"956","Durham",2018-09-19,13.6477430555555,74.0079861111111
"957","Durham",2018-09-20,10.1609722222222,84.9029166666666
"958","Durham",2018-09-21,8.89597222222223,89.0535069444445
"959","Durham",2018-09-22,8.74125,84.2948958333334
"960","Durham",2018-09-23,7.91732638888889,87.014375
"961","Durham",2018-09-24,8.80486111111112,83.7287847222222
"962","Durham",2019-04-22,12.7057291666667,67.0552430555556
"963","Durham",2019-04-23,9.25795138888888,88.3034722222222
"964","Durham",2019-04-24,9.36118055555556,93.6010416666666
"965","Durham",2019-04-25,8.69045138888889,95.5837152777778
"966","Durham",2019-04-26,8.31527777777778,93.1057986111112
"967","Durham",2019-04-27,7.31996527777778,93.5133333333333
"968","Durham",2019-04-28,8.61027777777778,85.9905555555555
"969","Durham",2019-04-29,8.460625,87.8961805555555
"970","Durham",2019-04-30,10.7518402777777,82.2184722222222
"971","Durham",2019-05-01,10.7282638888889,88.5074305555555
"972","Durham",2019-05-02,8.99850694444444,84.5101388888889
"973","Durham",2019-05-03,6.19934027777778,80.6434722222222
"974","Durham",2019-05-04,5.23260416666667,80.2211458333333
"975","Durham",2019-05-05,6.80493055555556,72.8423263888889
"976","Durham",2019-05-06,5.99729166666667,82.3666319444444
"977","Durham",2019-05-07,5.74805555555556,88.6463541666666
"978","Durham",2019-05-08,6.21121527777778,99.8810763888889
"979","Durham",2019-05-09,6.36024305555556,89.426875
"980","Durham",2019-05-10,6.37579861111111,80.6900694444444
"981","Durham",2019-05-11,7.87871527777778,79.9374305555556
"982","Durham",2019-05-12,8.86635416666667,78.7742361111111
"983","Durham",2019-05-13,12.6866319444444,71.0780555555556
"984","Durham",2019-05-14,14.8311458333333,70.3042361111112
"985","Durham",2019-05-15,14.8076388888888,74.0853472222222
"986","Durham",2019-05-16,10.9532291666667,75.5442013888889
"987","Durham",2019-05-17,12.1265625,83.4252083333334
"988","Durham",2019-05-18,10.4292361111111,98.7547916666667
"989","Durham",2019-05-19,11.3873958333333,92.0232291666667
"990","Durham",2019-05-20,12.7973958333333,85.3353125
"991","Durham",2019-05-21,11.4168402777777,85.9912152777778
"992","Durham",2019-05-22,11.9492361111111,69.6521180555555
"993","Durham",2019-05-23,12.8907986111111,65.4009722222222
"994","Durham",2019-05-24,12.7554166666667,76.2165277777778
"995","Durham",2019-05-25,12.1607638888888,87.7864930555556
"996","Durham",2019-05-26,14.1746875,85.9572222222223
"997","Durham",2019-05-27,9.80708333333333,89.9188888888889
"998","Durham",2019-05-28,8.02295138888889,96.0528125
"999","Durham",2019-05-29,9.29152777777777,92.8430208333334
"1000","Durham",2019-05-30,14.8235763888889,95.2286458333333
"1001","Durham",2019-05-31,13.7295138888889,95.6546180555555
"1002","Durham",2019-06-01,13.1216319444445,94.7042361111111
"1003","Durham",2019-06-02,14.5482638888889,91.6796875
"1004","Durham",2019-06-03,12.9634375,76.7809722222222
"1005","Durham",2019-06-04,11.6710416666667,89.3044097222222
"1006","Durham",2019-06-05,11.7556944444444,93.7561111111112
"1007","Durham",2019-06-06,11.9509375,84.7281597222222
"1008","Durham",2019-06-07,11.1427430555555,91.3887152777778
"1009","Durham",2019-06-08,10.3530555555555,99.0503125
"1010","Durham",2019-06-09,11.8903819444444,84.8059375
"1011","Durham",2019-06-10,11.6272916666667,83.9252430555555
"1012","Durham",2019-06-11,9.92586805555556,91.5938194444444
"1013","Durham",2019-06-12,10.1081597222222,99.9404166666666
"1014","Durham",2019-06-13,9.01482638888889,99.9108680555555
"1015","Durham",2019-06-14,10.2873958333333,98.7944791666667
"1016","Durham",2019-06-15,12.2347916666667,95.1424652777778
"1017","Durham",2019-06-16,11.8513888888889,93.6900694444444
"1018","Durham",2019-06-17,13.3934375,86.2560763888889
"1019","Durham",2019-06-18,14.3385763888889,82.6060763888889
"1020","Durham",2019-06-19,12.4257291666666,95.2932291666667
"1021","Durham",2019-06-20,12.353125,83.1012847222222
"1022","Durham",2019-06-21,12.3105902777778,82.0713541666667
"1023","Durham",2019-06-22,13.0034027777778,86.4486458333334
"1024","Durham",2019-06-23,13.6779513888889,89.8552430555555
"1025","Durham",2019-06-24,14.1876041666667,99.9801041666666
"1026","Durham",2019-06-25,12.1658333333333,100
"1027","Durham",2019-06-26,11.2604513888889,95.8540277777778
"1028","Durham",2019-06-27,13.5713888888889,88.56875
"1029","Durham",2019-06-28,14.3654861111111,91.3064930555555
"1030","Durham",2019-06-29,17.6489583333334,93.4577777777778
"1031","Durham",2019-06-30,16.0488194444445,86.9996875
"1032","Durham",2019-07-01,14.9383680555556,82.6109722222222
"1033","Durham",2019-07-02,13.4374305555556,84.6132291666667
"1034","Durham",2019-07-03,14.0420138888889,82.4412847222222
"1035","Durham",2019-07-04,14.3787847222222,86.6792361111111
"1036","Durham",2019-07-05,15.0556597222222,87.5577777777777
"1037","Durham",2019-07-06,14.3441319444444,81.3384722222223
"1038","Durham",2019-07-07,11.7804861111111,88.4764930555556
"1039","Durham",2019-07-08,11.9925,88.9660763888889
"1040","Durham",2019-07-09,13.9454166666667,99.0353472222222
"1041","Durham",2019-07-10,16.1019791666667,96.5728472222222
"1042","Durham",2019-07-11,15.8281597222222,96.0929513888889
"1043","Durham",2019-07-12,15.2764930555555,96.1255902777777
"1044","Durham",2019-07-13,14.5476736111111,99.3725347222222
"1045","Durham",2019-07-14,13.9409375,95.4619791666667
"1046","Durham",2019-07-15,14.9342361111111,92.8395833333334
"1047","Durham",2019-07-16,16.3021180555555,92.0642013888889
"1048","Durham",2019-07-17,15.3452083333333,93.2228472222222
"1049","Durham",2019-07-18,15.0489583333333,89.2565972222223
"1050","Durham",2019-07-19,14.6302777777778,95.3389930555555
"1051","Durham",2019-07-20,15.9335069444444,94.2924652777778
"1052","Durham",2019-07-21,15.1305208333333,90.7941319444444
"1053","Durham",2019-07-22,18.6969097222223,90.5486458333334
"1054","Durham",2019-07-23,19.9132638888888,88.3640277777778
"1055","Durham",2019-07-24,19.5550347222222,92.9118055555555
"1056","Durham",2019-07-25,20.6677083333334,88.3838888888889
"1057","Durham",2019-07-26,18.6475,96.5395486111111
"1058","Durham",2019-07-27,15.6603125,100
"1059","Durham",2019-07-28,16.9217013888889,99.5456944444445
"1060","Durham",2019-07-29,16.1628125,99.0970833333334
"1061","Durham",2019-07-30,15.2935416666667,99.6209722222222
"1062","Durham",2019-07-31,16.2293402777778,99.5842708333333
"1063","Durham",2019-08-01,15.9789930555555,98.3803125
"1064","Durham",2019-08-02,16.0396180555556,98.2385416666666
"1065","Durham",2019-08-03,16.4545833333333,96.3421875
"1066","Durham",2019-08-04,17.4133680555556,94.7627777777778
"1067","Durham",2019-08-05,15.9240972222222,90.9881944444444
"1068","Durham",2019-08-06,14.1667708333333,98.5823958333334
"1069","Durham",2019-08-07,15.1502083333333,89.2794791666666
"1070","Durham",2019-08-08,15.0906597222222,92.816875
"1071","Durham",2019-08-09,15.7576041666666,99.8873611111111
"1072","Durham",2019-08-10,15.9952430555556,98.8855555555556
"1073","Durham",2019-08-11,13.7528125,99.6602777777778
"1074","Durham",2019-08-12,11.8811458333333,94.5877083333333
"1075","Durham",2019-08-13,12.3196875,90.6546180555555
"1076","Durham",2019-08-14,12.1415277777778,99.4856597222223
"1077","Durham",2019-08-15,13.9194097222222,91.4851388888889
"1078","Durham",2019-08-16,13.1955555555556,99.7544791666666
"1079","Durham",2019-08-17,14.2902777777778,90.8911805555556
"1080","Durham",2019-08-18,13.8425347222222,91.1000694444444
"1081","Durham",2019-08-19,13.6157291666667,89.3802083333333
"1082","Durham",2019-08-20,13.2639583333333,89.4676041666667
"1083","Durham",2019-08-21,13.8740625,89.7893055555556
"1084","Durham",2019-08-22,14.9397222222222,98.1146527777777
"1085","Durham",2019-08-23,17.4755902777778,92.5257291666667
"1086","Durham",2019-08-24,17.1114583333333,87.9612847222222
"1087","Durham",2019-08-25,17.8057986111111,87.9447916666666
"1088","Durham",2019-08-26,17.5653472222222,93.7013888888889
"1089","Durham",2019-08-27,16.9918402777778,94.9337152777778
"1090","Durham",2019-08-28,14.4469444444444,97.1187152777778
"1091","Durham",2019-08-29,14.0289236111111,90.7649305555556
"1092","Durham",2019-08-30,15.8483333333334,87.533125
"1093","Durham",2019-08-31,14.7208333333333,84.1927430555556
"1094","Durham",2019-09-01,12.1823263888889,85.1714236111111
"1095","Durham",2019-09-02,12.1083333333333,92.3120833333333
"1096","Durham",2019-09-03,15.9807638888889,91.1198958333333
"1097","Durham",2019-09-04,12.6873958333333,91.7135763888889
"1098","Durham",2019-09-05,11.1748958333334,87.2564236111111
"1099","Durham",2019-09-06,13.1149652777778,87.3940625
"1100","Durham",2019-09-07,10.5859375,89.8449652777778
"1101","Durham",2019-09-08,9.70104166666667,91.8600347222223
"1102","Durham",2019-09-09,10.9631597222222,96.0677430555556
"1103","Durham",2019-09-10,11.4199652777777,92.6290625
"1104","Durham",2019-09-11,14.6622222222222,86.6710416666667
"1105","Durham",2019-09-12,14.3674305555556,91.6273263888889
"1106","Durham",2019-09-13,11.3996875,88.9323958333333
"1107","Durham",2019-09-14,11.9069097222222,83.9085763888888
"1108","Durham",2019-09-15,12.0785416666667,89.3171180555555
"1109","Durham",2019-09-16,10.3412847222222,87.7811458333333
"1110","Durham",2019-09-17,10.0770833333333,84.3860763888889
"1111","Durham",2019-09-18,10.4798263888889,89.0520138888889
"1112","Durham",2019-09-19,13.1810763888889,92.6506597222223
"1113","Durham",2019-09-20,13.1227430555555,90.8771527777778
"1114","Durham",2019-09-21,12.7799305555556,93.5589236111111
"1115","Durham",2019-09-22,13.2902430555555,97.5975
"1116","Devon",2018-04-07,8.88083333333333,94.0892361111111
"1117","Devon",2018-04-08,8.1896875,87.2647569444445
"1118","Devon",2018-04-09,8.39888888888888,94.9819444444445
"1119","Devon",2018-04-10,8.64829861111111,99.8099652777778
"1120","Devon",2018-04-11,10.7472222222223,90.2798263888889
"1121","Devon",2018-04-12,9.75440972222222,89.0063541666667
"1122","Devon",2018-04-13,9.26815972222223,92.7783333333333
"1123","Devon",2018-04-14,8.46354166666667,95.7715972222222
"1124","Devon",2018-04-15,9.15805555555556,98.9400694444444
"1125","Devon",2018-04-16,10.3637152777778,86.2234027777778
"1126","Devon",2018-04-17,10.3545833333334,96.2146875
"1127","Devon",2018-04-18,14.3222569444445,83.915625
"1128","Devon",2018-04-19,16.4959027777778,74.706875
"1129","Devon",2018-04-20,15.4080902777777,73.7224652777778
"1130","Devon",2018-04-21,14.7080555555555,78.7433333333333
"1131","Devon",2018-04-22,12.94125,81.84
"1132","Devon",2018-04-23,10.4918055555556,88.2153125
"1133","Devon",2018-04-24,10.2357291666667,99.4201388888889
"1134","Devon",2018-04-25,9.09024305555555,92.5978472222222
"1135","Devon",2018-04-26,8.76340277777778,90.3016319444445
"1136","Devon",2018-04-27,7.52625,99.0646875
"1137","Devon",2018-04-28,7.56256944444445,97.3085416666667
"1138","Devon",2018-04-29,6.78246527777778,87.2029166666667
"1139","Devon",2018-04-30,6.60086805555556,74.9547569444445
"1140","Devon",2018-05-01,7.99135416666667,90.7143055555555
"1141","Devon",2018-05-02,9.51347222222222,86.0116666666667
"1142","Devon",2018-05-03,10.5751388888888,82.5761111111111
"1143","Devon",2018-05-04,11.1890625,94.4808680555556
"1144","Devon",2018-05-05,14.2571180555556,82.2480902777778
"1145","Devon",2018-05-06,15.8757638888889,68.6738888888889
"1146","Devon",2018-05-07,17.233125,67.5038888888889
"1147","Devon",2018-05-08,11.9856597222223,84.5814930555555
"1148","Devon",2018-05-09,10.0983333333333,91.0089236111111
"1149","Devon",2018-05-10,9.83434027777776,85.9087847222222
"1150","Devon",2018-05-11,8.73243055555556,95.8535763888889
"1151","Devon",2018-05-12,8.15795138888889,92.6246875
"1152","Devon",2018-05-13,9.54072916666667,80.5986111111112
"1153","Devon",2018-05-14,11.9983680555555,69.6210069444444
"1154","Devon",2018-05-15,14.8298263888889,73.4696180555555
"1155","Devon",2018-05-16,12.8807986111111,86.2605902777778
"1156","Devon",2018-05-17,10.9995138888889,71.2812847222222
"1157","Devon",2018-05-18,11.4509027777777,82.8484375
"1158","Devon",2018-05-19,12.9890625,72.7033333333333
"1159","Devon",2018-05-20,11.9614583333334,81.0434027777777
"1160","Devon",2018-05-21,14.889375,72.5789930555555
"1161","Devon",2018-05-22,16.4454166666667,66.6748263888889
"1162","Devon",2018-05-23,16.1239236111111,71.2920833333334
"1163","Devon",2018-05-24,13.7783680555555,88.4360069444444
"1164","Devon",2018-05-25,15.1907638888889,89.3996180555555
"1165","Devon",2018-05-26,16.0815625,91.6871527777778
"1166","Devon",2018-05-27,15.1355902777778,97.1036458333334
"1167","Devon",2018-05-28,18.1654166666667,83.5853472222223
"1168","Devon",2018-05-29,16.6266319444444,93.8730555555556
"1169","Devon",2018-05-30,14.1845138888889,99.7334027777778
"1170","Devon",2018-05-31,14.9143402777778,99.8013194444444
"1171","Devon",2018-06-01,15.4226388888889,98.2017708333333
"1172","Devon",2018-06-02,13.7774652777778,94.6127430555556
"1173","Devon",2018-06-03,15.36625,83.6255555555556
"1174","Devon",2018-06-04,17.4739930555556,82.7790277777778
"1175","Devon",2018-06-05,13.1613888888889,95.5384722222222
"1176","Devon",2018-06-06,14.826875,83.678125
"1177","Devon",2018-06-07,14.2582291666667,90.8251736111111
"1178","Devon",2018-06-08,14.8400694444444,94.0210763888889
"1179","Devon",2018-06-09,15.4203819444445,92.4119097222222
"1180","Devon",2018-06-10,16.6391666666667,90.6452083333334
"1181","Devon",2018-06-11,17.9752430555556,84.1594097222223
"1182","Devon",2018-06-12,15.9402083333333,84.1752777777778
"1183","Devon",2018-06-13,15.4699652777777,89.6651041666667
"1184","Devon",2018-06-14,13.9815277777778,93.1443402777778
"1185","Devon",2018-06-15,12.7742361111111,90.6504861111111
"1186","Devon",2018-06-16,12.6718055555556,96.4205208333333
"1187","Devon",2018-06-17,13.2389930555556,99.3548611111111
"1188","Devon",2018-06-18,14.2605555555556,99.5361805555555
"1189","Devon",2018-06-19,16.0448958333333,99.3223611111111
"1190","Devon",2018-06-20,14.6934722222223,98.1463541666666
"1191","Devon",2018-06-21,12.4214236111111,80.1297569444445
"1192","Devon",2018-06-22,13.3396180555556,77.7675
"1193","Devon",2018-06-23,15.7295486111111,74.4120486111111
"1194","Devon",2018-06-24,16.879375,72.3386458333333
"1195","Devon",2018-06-25,18.0911458333333,68.0523611111111
"1196","Devon",2018-06-26,18.4524305555556,65.3432986111111
"1197","Devon",2018-06-27,17.5325347222223,70.6866319444445
"1198","Devon",2018-06-28,19.2328819444445,67.521875
"1199","Devon",2018-06-29,19.6161458333333,67.0889583333334
"1200","Devon",2018-06-30,19.3686111111111,65.9040972222222
"1201","Devon",2018-07-01,18.5374652777777,84.8270486111111
"1202","Devon",2018-07-02,20.7662152777778,63.4345486111111
"1203","Devon",2018-07-03,16.4835416666666,79.3343402777778
"1204","Devon",2018-07-04,15.0182638888889,99.3580555555556
"1205","Devon",2018-07-05,17.7329861111111,91.9835416666667
"1206","Devon",2018-07-06,19.4438541666667,81.2519097222222
"1207","Devon",2018-07-07,19.2923263888889,79.9113194444444
"1208","Devon",2018-07-08,21.2745833333334,73.8186458333333
"1209","Devon",2018-07-09,21.4747222222222,74.0295833333333
"1210","Devon",2018-07-10,18.3947569444445,83.4072222222222
"1211","Devon",2018-07-11,17.2944791666667,83.2248958333333
"1212","Devon",2018-07-12,17.2487152777778,89.0070138888888
"1213","Devon",2018-07-13,16.9260416666666,89.4956597222222
"1214","Devon",2018-07-14,17.2972916666667,81.0094791666667
"1215","Devon",2018-07-15,17.8087152777778,76.5744444444445
"1216","Devon",2018-07-16,17.1375694444445,83.1120138888889
"1217","Devon",2018-07-17,15.8077777777778,85.9246527777778
"1218","Devon",2018-07-18,16.3500347222222,86.7971180555556
"1219","Devon",2018-07-19,16.8459722222223,78.1567013888889
"1220","Devon",2018-07-20,17.9313194444444,73.4352777777778
"1221","Devon",2018-07-21,16.9136805555556,97.5547222222222
"1222","Devon",2018-07-22,18.7952083333333,83.1472222222222
"1223","Devon",2018-07-23,17.3437152777778,91.6811111111111
"1224","Devon",2018-07-24,18.1138888888889,83.2946875
"1225","Devon",2018-07-25,17.6417708333333,75.534375
"1226","Devon",2018-07-26,18.8969444444445,68.2794097222223
"1227","Devon",2018-07-27,17.1730902777778,97.1249305555556
"1228","Devon",2018-07-28,14.3801388888889,94.4230208333333
"1229","Devon",2018-07-29,15.6870486111111,99.9559027777778
"1230","Devon",2018-07-30,15.6617708333333,99.4677777777778
"1231","Devon",2018-07-31,14.8871875,94.3389583333334
"1232","Devon",2018-08-01,15.1880555555556,94.015
"1233","Devon",2018-08-02,17.1763194444445,97.2192708333334
"1234","Devon",2018-08-03,19.1242708333333,93.0807986111112
"1235","Devon",2018-08-04,19.0344097222223,91.3762152777778
"1236","Devon",2018-08-05,19.1198263888888,84.2441319444444
"1237","Devon",2018-08-06,18.0648958333333,87.6702430555555
"1238","Devon",2018-08-07,16.0217361111111,86.5357291666667
"1239","Devon",2018-08-08,15.1301041666667,86.9194444444445
"1240","Devon",2018-08-09,13.7196875,87.7853125
"1241","Devon",2018-08-10,13.0797569444445,98.8139583333333
"1242","Devon",2018-08-11,13.9616666666667,99.7207638888889
"1243","Devon",2018-08-12,15.9103472222222,99.6721180555556
"1244","Devon",2018-08-13,16.0817361111111,97.4823958333334
"1245","Devon",2018-08-14,16.7294097222223,96.0651041666667
"1246","Devon",2018-08-15,16.6185069444444,97.6231944444445
"1247","Devon",2018-08-16,14.5775347222222,97.7631944444445
"1248","Devon",2018-08-17,14.2924652777778,94.9181249999999
"1249","Devon",2018-08-18,15.974375,97.8257638888888
"1250","Devon",2018-08-19,16.9629166666667,99.8430555555556
"1251","Devon",2018-08-20,17.6058333333334,99.8649305555556
"1252","Devon",2018-08-21,16.8290277777778,97.0170486111111
"1253","Devon",2018-08-22,16.6584027777778,98.4160416666667
"1254","Devon",2018-08-23,15.4698611111112,94.8603125
"1255","Devon",2018-08-24,11.7420833333333,96.19375
"1256","Devon",2018-08-25,11.1601736111111,91.7374652777777
"1257","Devon",2018-08-26,13.6383333333333,98.7260069444444
"1258","Devon",2018-08-27,13.4363194444445,97.4484375
"1259","Devon",2018-08-28,13.3378472222222,92.8199305555555
"1260","Devon",2018-08-29,13.1397916666666,94.6002777777778
"1261","Devon",2018-08-30,12.3089583333334,90.6954861111111
"1262","Devon",2018-08-31,13.7603472222222,84.8088194444445
"1263","Devon",2018-09-01,16.355,92.3763888888889
"1264","Devon",2018-09-02,16.7398611111111,90.9588888888889
"1265","Devon",2018-09-03,16.1573263888889,85.0404166666667
"1266","Devon",2018-09-04,14.9070138888889,92.5405902777778
"1267","Devon",2018-09-05,14.6855555555555,86.5499652777778
"1268","Devon",2018-09-06,13.8998958333333,93.9185763888889
"1269","Devon",2018-09-07,12.9607638888889,86.1820833333333
"1270","Devon",2018-09-08,13.5310763888889,97.9622916666667
"1271","Devon",2018-09-09,15.8416666666667,91.4258333333333
"1272","Devon",2018-09-10,15.2163888888889,92.7969444444444
"1273","Devon",2018-09-11,16.3885416666666,99.7001041666666
"1274","Devon",2018-09-12,11.8268055555556,97.9601736111111
"1275","Devon",2018-09-13,11.6864236111111,91.6183333333333
"1276","Devon",2018-09-14,12.5524652777778,94.2967013888889
"1277","Devon",2018-09-15,13.6199305555556,93.5747569444444
"1278","Devon",2018-09-16,14.5040625,100
"1279","Devon",2018-09-17,15.7319444444444,100
"1280","Devon",2018-09-18,15.3349652777778,99.9451736111111
"1281","Devon",2018-09-19,15.4401041666667,99.7022916666667
"1282","Devon",2018-09-20,15.4491666666667,99.9978819444445
"1283","Devon",2018-09-21,10.5819097222222,98.1718055555556
"1284","Devon",2018-09-22,10.6105555555555,99.9295138888889
"1285","Devon",2018-09-23,9.46576388888889,95.6895486111111
"1286","Devon",2018-09-24,9.27840277777778,87.9280902777778
"1287","Devon",2019-04-14,6.01538194444444,71.7296180555556
"1288","Devon",2019-04-15,7.75097222222223,80.0995833333333
"1289","Devon",2019-04-16,9.24496527777778,97.3723611111111
"1290","Devon",2019-04-17,8.93743055555555,93.71625
"1291","Devon",2019-04-18,12.5256597222223,81.1738541666666
"1292","Devon",2019-04-19,15.8577430555556,58.9766666666667
"1293","Devon",2019-04-20,16.9036458333333,54.0860069444444
"1294","Devon",2019-04-21,16.0297222222223,54.8748611111112
"1295","Devon",2019-04-22,12.8227430555556,76.3948611111111
"1296","Devon",2019-04-23,13.943125,78.8685416666667
"1297","Devon",2019-04-24,10.6133333333334,96.2349652777777
"1298","Devon",2019-04-25,9.59541666666667,94.2300347222223
"1299","Devon",2019-04-26,9.00975694444444,97.1746180555556
"1300","Devon",2019-04-27,8.40229166666666,83.09625
"1301","Devon",2019-04-28,9.01687500000001,94.9788194444444
"1302","Devon",2019-04-29,10.0785416666667,95.4072569444445
"1303","Devon",2019-04-30,10.8795833333334,91.3510416666667
"1304","Devon",2019-05-01,9.82215277777778,92.6369791666667
"1305","Devon",2019-05-02,8.99704861111111,89.5133333333333
"1306","Devon",2019-05-03,9.53947916666667,86.7677083333334
"1307","Devon",2019-05-04,7.18944444444444,74.6577430555556
"1308","Devon",2019-05-05,7.98694444444445,73.9350347222223
"1309","Devon",2019-05-06,7.61552083333333,78.3771875
"1310","Devon",2019-05-07,9.11545138888889,83.1775347222222
"1311","Devon",2019-05-08,10.1187847222222,99.3346875
"1312","Devon",2019-05-09,9.28541666666667,91.50125
"1313","Devon",2019-05-10,10.0551041666667,84.8131597222223
"1314","Devon",2019-05-11,10.8075694444445,73.5653472222222
"1315","Devon",2019-05-12,10.7922569444444,73.8182291666667
"1316","Devon",2019-05-13,10.3365625,73.9513888888889
"1317","Devon",2019-05-14,10.9810069444444,75.7178125
"1318","Devon",2019-05-15,11.3935069444445,76.0494791666667
"1319","Devon",2019-05-16,10.9857638888889,73.7155902777777
"1320","Devon",2019-05-17,9.76697916666667,86.7072222222222
"1321","Devon",2019-05-18,11.1383680555555,90.9489236111111
"1322","Devon",2019-05-19,13.1054513888889,79.1166319444444
"1323","Devon",2019-05-20,12.6853125,82.0204861111111
"1324","Devon",2019-05-21,13.0223263888888,74.3319097222222
"1325","Devon",2019-05-22,13.5519097222222,69.9132291666667
"1326","Devon",2019-05-23,12.5251041666667,79.4425694444444
"1327","Devon",2019-05-24,13.5496875,85.2072916666666
"1328","Devon",2019-05-25,14.6651736111111,87.1130902777778
"1329","Devon",2019-05-26,13.5527083333333,95.0809375
"1330","Devon",2019-05-27,12.3642708333334,88.6552777777778
"1331","Devon",2019-05-28,11.0790277777777,86.6026041666667
"1332","Devon",2019-05-29,11.5785416666667,99.5007986111112
"1333","Devon",2019-05-30,15.0333333333333,94.4182986111111
"1334","Devon",2019-05-31,13.4810416666667,97.7419791666667
"1335","Devon",2019-06-01,15.6896527777778,85.8718055555555
"1336","Devon",2019-06-02,13.4034375,97.6029861111112
"1337","Devon",2019-06-03,12.8155208333334,91.5246875
"1338","Devon",2019-06-04,12.1804513888888,98.8094791666666
"1339","Devon",2019-06-05,11.6784027777777,89.9148611111111
"1340","Devon",2019-06-06,10.5656934731935,93.868985042735
"1341","Devon",2019-06-07,10.5305208333333,99.8371875
"1342","Devon",2019-06-08,11.3695486111111,98.0233333333334
"1343","Devon",2019-06-09,11.16375,93.7170486111111
"1344","Devon",2019-06-10,10.4439236111111,95.7289930555555
"1345","Devon",2019-06-11,9.00416666666666,99.6352777777778
"1346","Devon",2019-06-12,10.7650694444444,96.1674305555556
"1347","Devon",2019-06-13,11.115625,100
"1348","Devon",2019-06-14,11.7726736111111,98.7914583333334
"1349","Devon",2019-06-15,12.2615972222222,95.2782291666666
"1350","Devon",2019-06-16,12.5380902777777,99.9944791666667
"1351","Devon",2019-06-17,13.0910763888889,98.6397569444445
"1352","Devon",2019-06-18,12.3482986111112,99.7817013888889
"1353","Devon",2019-06-19,13.3979513888889,98.7176388888889
"1354","Devon",2019-06-20,11.9378125,97.6677777777778
"1355","Devon",2019-06-21,13.2597916666667,86.9184722222222
"1356","Devon",2019-06-22,12.9814930555555,81.7231944444445
"1357","Devon",2019-06-23,14.1526041666666,96.9371527777778
"1358","Devon",2019-06-24,16.2994444444444,96.6586458333333
"1359","Devon",2019-06-25,17.0940972222222,94.190625
"1360","Devon",2019-06-26,17.4393402777777,95.7504166666667
"1361","Devon",2019-06-27,17.4692013888889,79.8553472222222
"1362","Devon",2019-06-28,16.6682291666667,83.9025347222222
"1363","Devon",2019-06-29,18.1844791666667,91.4463888888889
"1364","Devon",2019-06-30,15.7879166666667,92.0246180555555
"1365","Devon",2019-07-01,14.3952083333333,87.7371875
"1366","Devon",2019-07-02,14.4741666666667,78.6912152777778
"1367","Devon",2019-07-03,14.9648958333334,75.1627083333333
"1368","Devon",2019-07-04,16.3740972222223,70.5320833333333
"1369","Devon",2019-07-05,18.4619791666667,75.1213194444445
"1370","Devon",2019-07-06,17.3846875,73.3465625
"1371","Devon",2019-07-07,16.7595486111111,87.4164930555555
"1372","Devon",2019-07-08,16.4017013888889,87.3953125
"1373","Devon",2019-07-09,17.5364583333333,74.8805555555555
"1374","Devon",2019-07-10,17.7931597222222,75.8696527777778
"1375","Devon",2019-07-11,17.4528125,86.7480208333333
"1376","Devon",2019-07-12,17.3137847222222,84.4601388888889
"1377","Devon",2019-07-13,16.2095486111112,83.8232638888888
"1378","Devon",2019-07-14,17.0684027777778,84.1941666666667
"1379","Devon",2019-07-15,16.2900347222223,85.0368055555555
"1380","Devon",2019-07-16,16.4154513888888,82.1840972222222
"1381","Devon",2019-07-17,16.5479513888889,87.4540972222223
"1382","Devon",2019-07-18,16.1749652777778,93.9156597222222
"1383","Devon",2019-07-19,15.9507638888889,99.9407638888889
"1384","Devon",2019-07-20,16.2209027777778,95.7239930555556
"1385","Devon",2019-07-21,16.0279166666667,96.8660069444445
"1386","Devon",2019-07-22,17.7334027777778,99.9743402777778
"1387","Devon",2019-07-23,18.2835416666667,94.4570138888889
"1388","Devon",2019-07-24,17.5901736111111,98.4177430555555
"1389","Devon",2019-07-25,19.1816319444444,92.0933680555555
"1390","Devon",2019-07-26,17.7861111111111,92.3355208333333
"1391","Devon",2019-07-27,15.7792361111111,88.4273611111111
"1392","Devon",2019-07-28,16.2784722222222,84.0708333333334
"1393","Devon",2019-07-29,15.5398263888889,92.0609027777778
"1394","Devon",2019-07-30,15.7397569444445,99.978125
"1395","Devon",2019-07-31,15.4968402777778,99.4383333333333
"1396","Devon",2019-08-01,15.6357291666667,95.2229166666666
"1397","Devon",2019-08-02,17.8111458333333,90.8176041666667
"1398","Devon",2019-08-03,16.7117013888889,93.7104513888889
"1399","Devon",2019-08-04,16.0650347222223,97.5071527777778
"1400","Devon",2019-08-05,16.5964930555555,96.8764930555556
"1401","Devon",2019-08-06,15.9148611111111,99.0959722222222
"1402","Devon",2019-08-07,16.3935069444445,93.9634722222222
"1403","Devon",2019-08-08,15.0294791666667,99.9846180555556
"1404","Devon",2019-08-09,16.5943402777778,100
"1405","Devon",2019-08-10,15.11,99.8609375
"1406","Devon",2019-08-11,15.108125,97.9653125
"1407","Devon",2019-08-12,12.8429513888889,97.7721180555556
"1408","Devon",2019-08-13,13.6312847222222,98.9266319444444
"1409","Devon",2019-08-14,14.9415625,100
"1410","Devon",2019-08-15,15.3282291666667,99.4086805555555
"1411","Devon",2019-08-16,15.0489236111111,100
"1412","Devon",2019-08-17,15.2778819444444,98.8527430555555
"1413","Devon",2019-08-18,14.0454513888888,99.2347222222222
"1414","Devon",2019-08-19,13.1659722222223,99.9095486111111
"1415","Devon",2019-08-20,13.0002083333333,97.3235763888889
"1416","Devon",2019-08-21,13.8965625,95.3084375
"1417","Devon",2019-08-22,14.9884027777778,98.1676041666666
"1418","Devon",2019-08-23,15.5549305555556,94.8530208333333
"1419","Devon",2019-08-24,17.2357638888888,89.00125
"1420","Devon",2019-08-25,17.8590277777777,93.6733680555556
"1421","Devon",2019-08-26,18.0700694444444,95.2839236111111
"1422","Devon",2019-08-27,17.5270833333334,98.0329166666666
"1423","Devon",2019-08-28,14.4534375,99.7744444444444
"1424","Devon",2019-08-29,13.6947222222222,98.3828125
"1425","Devon",2019-08-30,15.43625,97.0191666666666
"1426","Devon",2019-08-31,13.9849305555556,96.4497916666666
"1427","Devon",2019-09-01,12.3250694444445,90.2622222222222
"1428","Devon",2019-09-02,13.3171875,96.5771875
"1429","Devon",2019-09-03,14.721875,95.1803819444444
"1430","Devon",2019-09-04,14.028125,97.7988194444444
"1431","Devon",2019-09-05,11.6958680555556,90.9955902777778
"1432","Devon",2019-09-06,12.4487847222222,99.7188194444444
"1433","Devon",2019-09-07,12.6118402777778,94.6262152777778
"1434","Devon",2019-09-08,12.2345138888889,93.5176041666667
"1435","Devon",2019-09-09,11.7733680555556,99.7940277777778
"1436","Devon",2019-09-10,13.0880902777778,95.41375
"1437","Devon",2019-09-11,14.7877777777777,99.9955555555555
"1438","Devon",2019-09-12,15.9287152777778,100
"1439","Devon",2019-09-13,14.5430902777778,92.9585763888889
"1440","Devon",2019-09-14,14.0222222222222,91.3222569444444
"1441","Devon",2019-09-15,15.0673611111112,94.3969444444444
"1442","Devon",2019-09-16,15.3717361111111,97.7962847222223
"1443","Devon",2019-09-17,14.2718402777778,89.1851041666667
"1444","Devon",2019-09-18,12.8621527777778,82.2192013888889
"1445","Devon",2019-09-19,13.4715277777778,87.3612152777777
"1446","Devon",2019-09-20,14.3595486111111,87.5273263888889
"1447","Devon",2019-09-21,16.0842708333333,93.0900347222222
"1448","Devon",2019-09-22,14.7366319444445,99.9164583333334
"1449","Devon",2019-09-23,13.4914930555556,100
"1450","Devon",2019-09-24,15.0565972222222,99.8930902777778
"1451","Devon",2019-09-25,14.5446875,100
"1452","Devon",2019-09-26,14.5628125,99.7131944444444
"1453","Shropshire",2018-04-24,9.37017361111111,95.1851388888889
"1454","Shropshire",2018-04-25,8.66767361111111,85.0584375
"1455","Shropshire",2018-04-26,8.86684027777778,74.2601736111111
"1456","Shropshire",2018-04-27,5.97607638888889,96.6015972222222
"1457","Shropshire",2018-04-28,7.18420138888889,87.1542708333334
"1458","Shropshire",2018-04-29,6.49555555555555,81.4501736111112
"1459","Shropshire",2018-04-30,6.149375,76.5530902777778
"1460","Shropshire",2018-05-01,8.04006944444444,75.0026388888889
"1461","Shropshire",2018-05-02,8.44111111111111,84.6840625
"1462","Shropshire",2018-05-03,9.29125,80.9443402777778
"1463","Shropshire",2018-05-04,12.5739583333334,85.9483680555555
"1464","Shropshire",2018-05-05,14.7102777777778,81.0676041666667
"1465","Shropshire",2018-05-06,16.0158333333333,77.7006597222222
"1466","Shropshire",2018-05-07,17.0406944444444,77.1931944444445
"1467","Shropshire",2018-05-08,13.5616666666666,84.7491319444445
"1468","Shropshire",2018-05-09,10.5686111111111,86.155
"1469","Shropshire",2018-05-10,9.9190625,73.4996875
"1470","Shropshire",2018-05-11,10.0793055555555,80.2853472222222
"1471","Shropshire",2018-05-12,9.39454861111112,84.0561111111112
"1472","Shropshire",2018-05-13,11.2631597222222,73.9072222222222
"1473","Shropshire",2018-05-14,11.4682638888889,72.6945833333333
"1474","Shropshire",2018-05-15,12.2769444444444,86.2015277777778
"1475","Shropshire",2018-05-16,10.7785069444444,83.000625
"1476","Shropshire",2018-05-17,9.44045138888889,75.0754513888889
"1477","Shropshire",2018-05-18,11.1307986111111,75.1860069444444
"1478","Shropshire",2018-05-19,13.418125,71.8906944444444
"1479","Shropshire",2018-05-20,14.6696180555555,74.6109375
"1480","Shropshire",2018-05-21,14.3851736111111,76.7559375
"1481","Shropshire",2018-05-22,14.0974305555556,76.764375
"1482","Shropshire",2018-05-23,13.0591319444444,78.5936458333333
"1483","Shropshire",2018-05-24,13.7643055555555,78.6796875
"1484","Shropshire",2018-05-25,12.6497569444445,97.636875
"1485","Shropshire",2018-05-26,15.3025,85.151875
"1486","Shropshire",2018-05-27,15.2278472222223,94.4888541666666
"1487","Shropshire",2018-05-28,16.0062847222222,93.4547916666667
"1488","Shropshire",2018-05-29,15.7944444444444,89.0274652777778
"1489","Shropshire",2018-05-30,14.2119097222222,97.7825694444444
"1490","Shropshire",2018-05-31,16.4932291666667,96.4463888888889
"1491","Shropshire",2018-06-01,16.7878819444445,97.5913194444445
"1492","Shropshire",2018-06-02,15.7342013888889,98.3328472222222
"1493","Shropshire",2018-06-03,16.3552430555555,88.5185416666667
"1494","Shropshire",2018-06-04,15.2919791666666,93.1225347222222
"1495","Shropshire",2018-06-05,13.3436805555556,90.390625
"1496","Shropshire",2018-06-06,13.3469444444444,83.4803819444444
"1497","Shropshire",2018-06-07,14.2262847222222,86.8478124999999
"1498","Shropshire",2018-06-08,13.1630208333333,99.3630555555555
"1499","Shropshire",2018-06-09,14.5639930555555,90.9545833333333
"1500","Shropshire",2018-06-10,15.2879166666667,86.9040277777778
"1501","Shropshire",2018-06-11,15.1814930555555,83.2130555555555
"1502","Shropshire",2018-06-12,14.0890625,86.1505555555556
"1503","Shropshire",2018-06-13,14.5760416666667,85.435
"1504","Shropshire",2018-06-14,14.4259375,80.0988541666667
"1505","Shropshire",2018-06-15,12.9511111111111,76.7542361111111
"1506","Shropshire",2018-06-16,13.1814583333333,87.4182291666667
"1507","Shropshire",2018-06-17,13.4172222222223,93.1061111111111
"1508","Shropshire",2018-06-18,15.1942013888889,90.4292361111111
"1509","Shropshire",2018-06-19,16.1935763888889,90.0390972222222
"1510","Shropshire",2018-06-20,14.7978125,83.0357986111111
"1511","Shropshire",2018-06-21,11.6789583333333,74.0023611111111
"1512","Shropshire",2018-06-22,12.6945138888889,74.9726041666667
"1513","Shropshire",2018-06-23,13.3918055555555,74.0351736111111
"1514","Shropshire",2018-06-24,15.0573263888888,72.0553472222222
"1515","Shropshire",2018-06-25,17.8491319444445,65.1930208333333
"1516","Shropshire",2018-06-26,19.1229861111111,61.6718402777777
"1517","Shropshire",2018-06-27,18.0412152777778,65.7885763888889
"1518","Shropshire",2018-06-28,17.6267708333333,69.9488194444444
"1519","Shropshire",2018-06-29,18.0364930555555,63.4967013888889
"1520","Shropshire",2018-06-30,18.0641319444444,64.5419097222222
"1521","Shropshire",2018-07-01,19.0197916666667,65.1298611111111
"1522","Shropshire",2018-07-02,19.6292708333334,54.3617013888889
"1523","Shropshire",2018-07-03,17.6351041666667,58.8797222222222
"1524","Shropshire",2018-07-04,17.5845138888889,66.8368055555555
"1525","Shropshire",2018-07-05,18.4909027777778,64.9030555555556
"1526","Shropshire",2018-07-06,18.2978472222223,72.8765972222222
"1527","Shropshire",2018-07-07,19.2302777777778,71.2313541666666
"1528","Shropshire",2018-07-08,20.2677777777778,68.3557291666666
"1529","Shropshire",2018-07-09,19.0582986111111,76.7802083333333
"1530","Shropshire",2018-07-10,17.8962152777777,66.5209375
"1531","Shropshire",2018-07-11,17.2714236111111,72.0664236111111
"1532","Shropshire",2018-07-12,17.5460763888889,80.5143055555556
"1533","Shropshire",2018-07-13,17.6296875,79.2092361111111
"1534","Shropshire",2018-07-14,19.0494791666667,70.9651041666667
"1535","Shropshire",2018-07-15,18.8098263888889,70.2063194444444
"1536","Shropshire",2018-07-16,17.5783680555556,83.3812847222222
"1537","Shropshire",2018-07-17,15.2351736111111,79.2191319444445
"1538","Shropshire",2018-07-18,16.9663888888889,76.3523958333333
"1539","Shropshire",2018-07-19,16.9473958333334,72.4651041666667
"1540","Shropshire",2018-07-20,14.9642361111111,80.3016666666667
"1541","Shropshire",2018-07-21,15.8710763888889,93.4826388888889
"1542","Shropshire",2018-07-22,18.3405208333333,85.6252083333333
"1543","Shropshire",2018-07-23,20.4319444444444,83.1968402777778
"1544","Shropshire",2018-07-24,17.7152430555555,85.8391319444445
"1545","Shropshire",2018-07-25,16.5357638888889,75.1609375
"1546","Shropshire",2018-07-26,19.5576041666667,69.5661111111111
"1547","Shropshire",2018-07-27,20.2498958333333,69.8578819444444
"1548","Shropshire",2018-07-28,15.5569097222222,74.9875
"1549","Shropshire",2018-07-29,16.1394791666666,92.5065972222222
"1550","Shropshire",2018-07-30,16.0309722222222,87.9449305555555
"1551","Shropshire",2018-07-31,15.9961458333334,78.1321180555556
"1552","Shropshire",2018-08-01,17.1457986111111,76.6172569444444
"1553","Shropshire",2018-08-02,20.3517361111112,77.3779166666667
"1554","Shropshire",2018-08-03,19.8776041666667,85.6544444444445
"1555","Shropshire",2018-08-04,18.1345486111111,78.9464930555555
"1556","Shropshire",2018-08-05,18.9415972222222,76.4503819444444
"1557","Shropshire",2018-08-06,19.29375,74.4478819444444
"1558","Shropshire",2018-08-07,17.25125,80.1619791666667
"1559","Shropshire",2018-08-08,15.2307291666667,74.6952430555556
"1560","Shropshire",2018-08-09,14.1917013888889,72.3053472222223
"1561","Shropshire",2018-08-10,11.8414236111111,89.1656944444444
"1562","Shropshire",2018-08-11,13.6722222222222,88.3460069444445
"1563","Shropshire",2018-08-12,16.3046527777777,99.7674652777777
"1564","Shropshire",2018-08-13,15.9970138888889,92.1938888888889
"1565","Shropshire",2018-08-14,16.3482638888889,90.0415625
"1566","Shropshire",2018-08-15,17.9084027777778,88.3148263888889
"1567","Shropshire",2018-08-16,15.1504166666667,86.170625
"1568","Shropshire",2018-08-17,14.0781597222222,89.2150694444445
"1569","Shropshire",2018-08-18,17.6827777777778,86.4442361111111
"1570","Shropshire",2018-08-19,17.976875,90.1050347222222
"1571","Shropshire",2018-08-20,18.3143055555555,90.8245138888888
"1572","Shropshire",2018-08-21,18.3876041666667,85.2293402777778
"1573","Shropshire",2018-08-22,17.8983680555556,87.9022916666667
"1574","Shropshire",2018-08-23,13.2831944444445,92.0981944444445
"1575","Shropshire",2018-08-24,10.8268055555555,88.3614930555555
"1576","Shropshire",2018-08-25,11.6238541666667,84.8066319444444
"1577","Shropshire",2018-08-26,11.9188541666667,99.2328472222222
"1578","Shropshire",2018-08-27,13.8462847222223,91.9458680555556
"1579","Shropshire",2018-08-28,13.6667361111111,93.1290972222222
"1580","Shropshire",2018-08-29,12.8007291666666,87.5221875
"1581","Shropshire",2018-08-30,12.0434375,82.2336805555556
"1582","Shropshire",2018-08-31,13.7126388888889,76.7769097222223
"1583","Shropshire",2018-09-01,15.6764583333334,85.5053472222222
"1584","Shropshire",2018-09-02,18.3113194444445,78.1225
"1585","Shropshire",2018-09-03,14.2868402777778,95.2757291666667
"1586","Shropshire",2018-09-04,12.9740972222222,97.0454861111111
"1587","Shropshire",2018-09-05,11.9982638888889,84.0015625
"1588","Shropshire",2018-09-06,10.4143402777778,94.5371875
"1589","Shropshire",2018-09-07,11.0491319444445,82.7012152777778
"1590","Shropshire",2018-09-08,12.7971875,98.9254166666667
"1591","Shropshire",2018-09-09,14.1469444444445,90.8679513888889
"1592","Shropshire",2018-09-10,13.7333333333333,87.0707986111111
"1593","Shropshire",2018-09-11,14.2083680555555,95.5121875
"1594","Shropshire",2018-09-12,11.3180902777778,91.6211805555556
"1595","Shropshire",2018-09-13,11.8073958333334,86.5848263888889
"1596","Shropshire",2018-09-14,12.4779861111111,94.1113541666666
"1597","Shropshire",2018-09-15,12.3070138888889,97.1140277777778
"1598","Shropshire",2018-09-16,14.8247569444445,96.0271180555555
"1599","Shropshire",2018-09-17,15.5877430555555,96.5665972222222
"1600","Shropshire",2018-09-18,16.6213194444444,89.5420486111111
"1601","Shropshire",2018-09-19,14.0817013888889,88.4028472222222
"1602","Shropshire",2018-09-20,12.6882291666667,99.9386111111112
"1603","Shropshire",2018-09-21,10.0654861111111,89.3083333333333
"1604","Shropshire",2018-09-22,9.46916666666666,97.0002083333333
"1605","Shropshire",2018-09-23,9.01374999999999,90.519375
"1606","Shropshire",2019-04-15,8.32805555555555,70.6466666666666
"1607","Shropshire",2019-04-16,8.79829861111111,87.49875
"1608","Shropshire",2019-04-17,11.4570833333333,80.2385763888889
"1609","Shropshire",2019-04-18,12.3832291666666,82.1476388888889
"1610","Shropshire",2019-04-19,13.8571527777777,71.0634722222222
"1611","Shropshire",2019-04-20,14.0439930555555,64.6234027777778
"1612","Shropshire",2019-04-21,14.5852430555555,64.804375
"1613","Shropshire",2019-04-22,14.5273611111111,61.8750694444444
"1614","Shropshire",2019-04-23,13.9194444444445,71.1501736111111
"1615","Shropshire",2019-04-24,10.4233680555555,91.7094097222222
"1616","Shropshire",2019-04-25,9.21579861111111,93.675625
"1617","Shropshire",2019-04-26,8.43642361111112,95.2724305555556
"1618","Shropshire",2019-04-27,6.6053125,91.6936111111111
"1619","Shropshire",2019-04-28,8.53097222222222,91.8317708333333
"1620","Shropshire",2019-04-29,9.70850694444444,85.8659722222222
"1621","Shropshire",2019-04-30,10.8388194444445,83.0993055555556
"1622","Shropshire",2019-05-01,10.8395486111111,91.5043402777777
"1623","Shropshire",2019-05-02,8.73569444444444,94.2527430555556
"1624","Shropshire",2019-05-03,8.56861111111111,92.3415277777777
"1625","Shropshire",2019-05-04,6.32489583333333,82.6797222222223
"1626","Shropshire",2019-05-05,7.0521875,80.9626388888888
"1627","Shropshire",2019-05-06,7.62263888888889,75.6875
"1628","Shropshire",2019-05-07,8.49291666666667,82.9130902777778
"1629","Shropshire",2019-05-08,8.21229166666667,97.8016319444444
"1630","Shropshire",2019-05-09,7.45065972222222,99.9378125
"1631","Shropshire",2019-05-10,7.89565972222223,97.554375
"1632","Shropshire",2019-05-11,8.85760416666666,83.7389236111111
"1633","Shropshire",2019-05-12,8.99246527777778,72.9967708333334
"1634","Shropshire",2019-05-13,11.6303125,73.8132291666666
"1635","Shropshire",2019-05-14,12.4976736111111,70.5786111111111
"1636","Shropshire",2019-05-15,12.8052430555556,71.7203819444445
"1637","Shropshire",2019-05-16,11.5777083333333,72.7586805555555
"1638","Shropshire",2019-05-17,11.8023263888889,79.2164236111111
"1639","Shropshire",2019-05-18,11.3297569444445,89.6667013888889
"1640","Shropshire",2019-05-19,11.6078819444444,89.1882638888889
"1641","Shropshire",2019-05-20,11.5272916666666,84.4797222222222
"1642","Shropshire",2019-05-21,10.9221875,77.2131944444445
"1643","Shropshire",2019-05-22,12.3047222222222,72.0691319444445
"1644","Shropshire",2019-05-23,12.8249652777777,72.6184027777778
"1645","Shropshire",2019-05-24,12.5922916666667,85.3995138888889
"1646","Shropshire",2019-05-25,14.6272569444445,85.1453819444445
"1647","Shropshire",2019-05-26,14.579375,84.5420486111111
"1648","Shropshire",2019-05-27,11.0879861111111,85.6526041666666
"1649","Shropshire",2019-05-28,10.0007291666667,86.9822222222222
"1650","Shropshire",2019-05-29,9.45305555555555,95.22625
"1651","Shropshire",2019-05-30,15.1878819444444,90.4113194444444
"1652","Shropshire",2019-05-31,15.0656597222223,85.8482291666666
"1653","Shropshire",2019-06-01,15.8090972222223,85.8935069444445
"1654","Shropshire",2019-06-02,15.7330555555556,83.308125
"1655","Shropshire",2019-06-03,13.4481944444445,72.9496875
"1656","Shropshire",2019-06-04,11.44125,96.0990972222222
"1657","Shropshire",2019-06-05,11.0248958333333,90.1054513888889
"1658","Shropshire",2019-06-06,10.7395486111111,89.085625
"1659","Shropshire",2019-06-07,10.6322222222222,96.1906597222223
"1660","Shropshire",2019-06-08,10.1454861111111,100
"1661","Shropshire",2019-06-09,10.4920486111111,97.0473958333334
"1662","Shropshire",2019-06-10,9.49298611111111,97.6165972222223
"1663","Shropshire",2019-06-11,9.0646875,100
"1664","Shropshire",2019-06-12,9.94680555555556,100
"1665","Shropshire",2019-06-13,10.3086805555556,99.8929166666667
"1666","Shropshire",2019-06-14,11.121875,99.0882291666667
"1667","Shropshire",2019-06-15,11.3519791666666,97.7490972222222
"1668","Shropshire",2019-06-16,12.0269097222222,94.0840277777778
"1669","Shropshire",2019-06-17,13.4015625,98.8635416666666
"1670","Shropshire",2019-06-18,13.6409375,96.1509375
"1671","Shropshire",2019-06-19,13.2896527777778,93.9244791666667
"1672","Shropshire",2019-06-20,12.5113194444444,81.8369444444444
"1673","Shropshire",2019-06-21,12.2164583333333,81.9246180555556
"1674","Shropshire",2019-06-22,14.2301736111111,79.2021527777778
"1675","Shropshire",2019-06-23,14.8830208333334,90.6923263888889
"1676","Shropshire",2019-06-24,16.1520486111111,98.8246527777777
"1677","Shropshire",2019-06-25,15.3227430555556,99.9737152777778
"1678","Shropshire",2019-06-26,13.7622222222223,98.3378125
"1679","Shropshire",2019-06-27,14.446875,89.0908680555555
"1680","Shropshire",2019-06-28,15.9313194444444,88.4751041666667
"1681","Shropshire",2019-06-29,18.7710069444445,91.7395833333333
"1682","Shropshire",2019-06-30,16.0149652777778,83.3880208333333
"1683","Shropshire",2019-07-01,14.3649305555555,83.8251041666666
"1684","Shropshire",2019-07-02,12.8911805555556,82.3996180555556
"1685","Shropshire",2019-07-03,13.7438541666667,82.2767708333334
"1686","Shropshire",2019-07-04,14.9844097222222,84.4803125
"1687","Shropshire",2019-07-05,16.1243402777777,83.2799652777777
"1688","Shropshire",2019-07-06,14.2960763888889,93.8586805555555
"1689","Shropshire",2019-07-07,14.1844791666667,82.6537847222222
"1690","Shropshire",2019-07-08,14.7080902777778,86.0053819444445
"1691","Shropshire",2019-07-09,15.5130555555556,94.8932638888888
"1692","Shropshire",2019-07-10,16.6662847222223,88.5591319444444
"1693","Shropshire",2019-07-11,16.9463888888889,90.8213541666667
"1694","Shropshire",2019-07-12,15.6323958333333,94.2755555555555
"1695","Shropshire",2019-07-13,15.3813541666667,91.1174652777777
"1696","Shropshire",2019-07-14,14.3641319444445,93.5797569444445
"1697","Shropshire",2019-07-15,15.9100347222222,85.9051736111111
"1698","Shropshire",2019-07-16,17.5914930555555,83.9347222222222
"1699","Shropshire",2019-07-17,15.8698263888888,90.9553819444444
"1700","Shropshire",2019-07-18,15.5690972222222,86.8786805555555
"1701","Shropshire",2019-07-19,14.6401736111112,98.4280555555555
"1702","Shropshire",2019-07-20,16.2994097222223,91.3510763888889
"1703","Shropshire",2019-07-21,16.5352430555556,86.0902083333333
"1704","Shropshire",2019-07-22,20.1417361111111,83.2955902777778
"1705","Shropshire",2019-07-23,21.1396527777778,80.1245486111112
"1706","Shropshire",2019-07-24,20.1056944444444,91.3940972222222
"1707","Shropshire",2019-07-25,22.2697222222222,81.1242361111111
"1708","Shropshire",2019-07-26,19.5142361111111,85.9614583333334
"1709","Shropshire",2019-07-27,15.2605902777778,99.1128819444444
"1710","Shropshire",2019-07-28,13.6429166666667,100
"1711","Shropshire",2019-07-29,16.1351388888889,89.1292361111111
"1712","Shropshire",2019-07-30,15.4868055555555,98.8483333333333
"1713","Shropshire",2019-07-31,15.7364930555555,95.7742013888889
"1714","Shropshire",2019-08-01,16.8271527777778,93.8558333333333
"1715","Shropshire",2019-08-02,16.7170138888889,92.3542361111111
"1716","Shropshire",2019-08-03,17.3460069444445,93.2423263888889
"1717","Shropshire",2019-08-04,17.8051388888889,91.9603125
"1718","Shropshire",2019-08-05,16.7242013888889,84.8544791666666
"1719","Shropshire",2019-08-06,16.4553819444444,88.0305555555556
"1720","Shropshire",2019-08-07,16.2157986111111,83.6558680555555
"1721","Shropshire",2019-08-08,16.5609027777777,86.65
"1722","Shropshire",2019-08-09,17.5104166666667,96.6778472222222
"1723","Shropshire",2019-08-10,16.0755555555555,92.1845486111111
"1724","Shropshire",2019-08-11,14.4850694444445,92.9574305555555
"1725","Shropshire",2019-08-12,12.4765625,89.4505555555556
"1726","Shropshire",2019-08-13,13.1731944444444,83.0254861111111
"1727","Shropshire",2019-08-14,14.0796875,99.6622222222222
"1728","Shropshire",2019-08-15,14.7631597222222,88.3731944444445
"1729","Shropshire",2019-08-16,14.3680208333334,99.7107638888889
"1730","Shropshire",2019-08-17,14.7029513888889,88.0052777777778
"1731","Shropshire",2019-08-18,14.1905902777778,84.1523958333333
"1732","Shropshire",2019-08-19,14.36125,85.41375
"1733","Shropshire",2019-08-20,13.6872916666667,85.1827777777777
"1734","Shropshire",2019-08-21,14.7535069444444,87.6359722222223
"1735","Shropshire",2019-08-22,16.5732638888889,90.9430208333333
"1736","Shropshire",2019-08-23,17.5042708333334,91.5473611111111
"1737","Shropshire",2019-08-24,18.3181944444445,79.5951736111111
"1738","Shropshire",2019-08-25,19.7134722222222,77.8654166666667
"1739","Shropshire",2019-08-26,17.4574305555556,94.7575347222222
"1740","Shropshire",2019-08-27,17.3372916666667,94.4014583333334
"1741","Shropshire",2019-08-28,14.0549652777778,99.0508680555556
"1742","Shropshire",2019-08-29,13.3281597222222,93.0999652777778
"1743","Shropshire",2019-08-30,16.4311458333333,86.8785416666666
"1744","Shropshire",2019-08-31,14.7837847222222,85.4924305555556
"1745","Shropshire",2019-09-01,12.1196180555556,83.098125
"1746","Shropshire",2019-09-02,13.3130555555556,89.5531944444444
"1747","Shropshire",2019-09-03,15.2687847222222,92.3637152777777
"1748","Shropshire",2019-09-04,13.8768055555555,88.5117361111111
"1749","Shropshire",2019-09-05,11.9110416666666,89.9295833333334
"1750","Shropshire",2019-09-06,12.9134375,90.8433680555555
"1751","Shropshire",2019-09-07,12.5226736111111,89.6992013888889
"1752","Shropshire",2019-09-08,10.6234375,89.1447569444445
"1753","Shropshire",2019-09-09,11.8459027777777,98.3837847222223
"1754","Shropshire",2019-09-10,12.8988541666667,91.3583680555556
"1755","Shropshire",2019-09-11,15.4589236111111,88.8143055555555
"1756","Shropshire",2019-09-12,15.0298263888888,94.8442708333334
"1757","Shropshire",2019-09-13,12.0801041666667,87.0405902777778
"1758","Shropshire",2019-09-14,12.12125,89.2740277777777
"1759","Shropshire",2019-09-15,13.8051041666667,97.8146527777778
"1760","Shropshire",2019-09-16,12.4615972222223,96.7086458333333
"1761","Shropshire",2019-09-17,11.4935763888889,88.7680208333333
"1762","Shropshire",2019-09-18,10.8089930555556,92.7941666666667
"1763","Shropshire",2019-09-19,12.4680902777778,92.1698263888889
"1764","Shropshire",2019-09-20,13.5261111111111,89.0394097222222
"1765","Shropshire",2019-09-21,14.7887847222222,78.8299652777778
"1766","Shropshire",2019-09-22,14.8854513888889,96.8711458333333
"1767","Shropshire",2019-09-23,13.8489236111111,97.1881597222223
"1768","Shropshire",2019-09-24,14.77875,99.8918055555555
"1769","Shropshire",2019-09-25,14.3584027777778,99.6880902777778
"1770","Shropshire",2019-09-26,13.6259722222222,98.8430555555556
"1771","Shropshire",2019-09-27,12.3681597222222,99.5002777777778
"1772","Shropshire",2019-09-28,12.7235763888889,98.1216319444444
"1773","Shropshire",2019-09-29,13.3371180555555,99.9873263888889
"1774","Shropshire",2019-09-30,11.6126388888888,99.9219444444444
"1775","Shropshire",2018-09-24,8.53277777777778,86.2025
"1776","Shropshire",2018-09-25,9.01868055555556,87.6307638888889
"1777","Shropshire",2018-09-26,13.6913194444444,91.2416666666667
"1778","Shropshire",2018-09-27,14.5515277777778,84.3122916666667
"1779","Shropshire",2018-09-28,9.75777777777778,83.193125
"1780","Shropshire",2018-09-29,8.38465277777778,88.7914583333333
"1781","Shropshire",2018-09-30,9.59138888888889,87.1065277777778
"1782","Shropshire",2018-10-01,9.21284722222222,86.525625
"1783","Shropshire",2018-10-02,13.31125,92.9803472222222
"1784","Shropshire",2018-10-03,13.0083333333333,95.6705555555556
"1785","Shropshire",2018-10-04,13.6046527777778,94.0483333333333
"1786","Shropshire",2018-10-05,11.9147916666667,98.4126388888889
"1787","Shropshire",2018-10-06,7.49736111111111,95.6134722222222
"1788","Shropshire",2018-10-07,7.03729166666667,93.9409027777778
"1789","Shropshire",2018-10-08,12.166875,92.6452083333333
"1790","Shropshire",2018-10-09,12.8952777777778,86.9347916666667
"1791","Shropshire",2018-10-10,13.9585416666667,91.6495138888889
"1792","Shropshire",2018-10-11,13.5450694444444,96.0209722222222
"1793","Shropshire",2018-10-12,14.5359027777778,99.0613194444445
"1794","Shropshire",2018-10-13,17.2570138888889,94.3322916666667
"1795","Shropshire",2018-10-14,10.0672222222222,97.7572222222222
"1796","Shropshire",2018-10-15,9.03041666666667,99.7370833333333
"1797","Shropshire",2018-10-16,11.7744444444444,99.591875
"1798","Shropshire",2018-10-17,11.0983333333333,96.9928472222222
"1799","Shropshire",2018-10-18,7.59548611111111,95.656875
"1800","Shropshire",2018-10-19,8.48340277777778,97.6173611111111
"1801","Shropshire",2018-10-20,10.5908333333333,97.1019444444444
"1802","Carmarthenshire",2018-05-12,7.92648148148148,84.2278472222222
"1803","Carmarthenshire",2018-05-13,8.95868055555555,79.5275231481481
"1804","Carmarthenshire",2018-05-14,9.95446759259259,81.5918518518519
"1805","Carmarthenshire",2018-05-15,12.3096990740741,80.7149305555555
"1806","Carmarthenshire",2018-05-16,11.4471527777778,89.6942592592593
"1807","Carmarthenshire",2018-05-17,11.0171990740741,72.1953009259259
"1808","Carmarthenshire",2018-05-18,10.9776157407407,77.3823842592593
"1809","Carmarthenshire",2018-05-19,11.8947453703703,70.966875
"1810","Carmarthenshire",2018-05-20,12.2276157407407,76.178587962963
"1811","Carmarthenshire",2018-05-21,13.9989351851852,75.3321759259259
"1812","Carmarthenshire",2018-05-22,14.4759027777778,77.8222916666667
"1813","Carmarthenshire",2018-05-23,14.8284953703704,75.5536111111111
"1814","Carmarthenshire",2018-05-24,12.9138888888889,93.2140046296296
"1815","Carmarthenshire",2018-05-25,12.8866203703704,99.9722222222222
"1816","Carmarthenshire",2018-05-26,14.852662037037,91.6528703703704
"1817","Carmarthenshire",2018-05-27,15.8866898148148,90.6330092592593
"1818","Carmarthenshire",2018-05-28,17.3961574074074,93.4938194444445
"1819","Carmarthenshire",2018-05-29,16.2479398148148,92.4555092592593
"1820","Carmarthenshire",2018-05-30,15.4461574074074,96.0240972222222
"1821","Carmarthenshire",2018-05-31,17.1605324074074,94.0482870370371
"1822","Carmarthenshire",2018-06-01,15.8922916666666,99.6922453703704
"1823","Carmarthenshire",2018-06-02,15.1218518518518,89.6412962962963
"1824","Carmarthenshire",2018-06-03,15.26375,84.6880787037037
"1825","Carmarthenshire",2018-06-04,17.5453935185185,86.2675694444445
"1826","Carmarthenshire",2018-06-05,14.9220601851852,87.1666898148148
"1827","Carmarthenshire",2018-06-06,15.2805787037037,85.9073842592593
"1828","Carmarthenshire",2018-06-07,15.3276388888889,85.9237037037037
"1829","Carmarthenshire",2018-06-08,14.5374305555556,98.8018287037037
"1830","Carmarthenshire",2018-06-09,16.3373611111111,97.0763194444445
"1831","Carmarthenshire",2018-06-10,16.5889351851852,89.3540740740741
"1832","Carmarthenshire",2018-06-11,15.9830555555556,82.6168518518519
"1833","Carmarthenshire",2018-06-12,15.1925,81.5809953703704
"1834","Carmarthenshire",2018-06-13,14.6720833333333,89.0728935185185
"1835","Carmarthenshire",2018-06-14,14.3198842592593,86.5265972222222
"1836","Carmarthenshire",2018-06-15,12.2964583333334,88.3015972222222
"1837","Carmarthenshire",2018-06-16,13.0775694444445,95.4866435185185
"1838","Carmarthenshire",2018-06-17,13.3464351851852,99.7099768518519
"1839","Carmarthenshire",2018-06-18,14.2759027777778,98.7053472222222
"1840","Carmarthenshire",2018-06-19,14.9351620370371,100
"1841","Carmarthenshire",2018-06-20,13.5880092592593,97.6457870370371
"1842","Carmarthenshire",2018-06-21,11.5358333333333,81.0734490740741
"1843","Carmarthenshire",2018-06-22,12.0421296296296,80.8238194444444
"1844","Carmarthenshire",2018-06-23,14.2289814814815,80.8728240740741
"1845","Carmarthenshire",2018-06-24,15.269537037037,75.3971527777778
"1846","Carmarthenshire",2018-06-25,17.3303703703704,74.5165509259259
"1847","Carmarthenshire",2018-06-26,18.7383333333333,73.9278472222222
"1848","Carmarthenshire",2018-06-27,18.7890509259259,69.8719444444445
"1849","Carmarthenshire",2018-06-28,19.1209027777778,64.6540972222222
"1850","Carmarthenshire",2018-06-29,18.9253240740741,67.6078240740741
"1851","Carmarthenshire",2018-06-30,18.763912037037,68.9397453703704
"1852","Carmarthenshire",2018-07-01,17.9026157407407,80.3890277777778
"1853","Carmarthenshire",2018-07-02,20.5461111111111,64.3056712962963
"1854","Carmarthenshire",2018-07-03,19.2675,56.4350694444445
"1855","Carmarthenshire",2018-07-04,17.7730787037037,76.888125
"1856","Carmarthenshire",2018-07-05,19.179375,74.7236805555555
"1857","Carmarthenshire",2018-07-06,17.2520601851852,80.9996759259259
"1858","Carmarthenshire",2018-07-07,18.4309490740741,77.7426851851852
"1859","Carmarthenshire",2018-07-08,19.8263657407407,72.429375
"1860","Carmarthenshire",2018-07-09,19.7020833333333,72.6889814814815
"1861","Carmarthenshire",2018-07-10,18.7469444444444,75.0060416666667
"1862","Carmarthenshire",2018-07-11,18.4096064814815,75.383587962963
"1863","Carmarthenshire",2018-07-12,17.1034259259259,84.4181944444444
"1864","Carmarthenshire",2018-07-13,17.5369212962963,80.6800694444445
"1865","Carmarthenshire",2018-07-14,15.9633564814815,80.4672222222222
"1866","Carmarthenshire",2018-07-15,17.4737731481482,81.2494212962963
"1867","Carmarthenshire",2018-07-16,17.1439814814815,85.1038657407407
"1868","Carmarthenshire",2018-07-17,14.8174074074074,82.5054398148148
"1869","Carmarthenshire",2018-07-18,16.3528703703704,85.9157407407407
"1870","Carmarthenshire",2018-07-19,15.6680092592593,75.5400231481482
"1871","Carmarthenshire",2018-07-20,14.2646527777778,88.3647916666666
"1872","Carmarthenshire",2018-07-21,17.1501620370371,89.4489583333334
"1873","Carmarthenshire",2018-07-22,18.9103009259259,83.9625
"1874","Carmarthenshire",2018-07-23,17.5603703703704,94.3108796296296
"1875","Carmarthenshire",2018-07-24,17.2446990740741,87.9875925925926
"1876","Carmarthenshire",2018-07-25,15.5054398148148,79.2721759259259
"1877","Carmarthenshire",2018-07-26,17.1391203703704,72.5965509259259
"1878","Carmarthenshire",2018-07-27,16.6608333333333,95.9423842592593
"1879","Carmarthenshire",2018-07-28,13.5188425925926,97.9093518518518
"1880","Carmarthenshire",2018-07-29,15.5332407407408,99.4140277777778
"1881","Carmarthenshire",2018-07-30,15.8878240740741,94.2255324074074
"1882","Carmarthenshire",2018-07-31,15.2573611111111,91.5231018518518
"1883","Carmarthenshire",2018-08-01,16.5152546296296,89.4649305555556
"1884","Carmarthenshire",2018-08-02,17.529537037037,100
"1885","Carmarthenshire",2018-08-03,18.5559490740741,98.3388425925926
"1886","Carmarthenshire",2018-08-04,18.0139583333334,88.5963194444445
"1887","Carmarthenshire",2018-08-05,18.2809722222222,84.7942592592593
"1888","Carmarthenshire",2018-08-06,17.0485416666667,90.3761111111111
"1889","Carmarthenshire",2018-08-07,15.2361111111111,92.6938425925926
"1890","Carmarthenshire",2018-08-08,13.1093287037037,93.8919212962963
"1891","Carmarthenshire",2018-08-09,12.0074768518518,90.4344907407408
"1892","Carmarthenshire",2018-08-10,11.3650231481481,93.0340972222222
"1893","Carmarthenshire",2018-08-11,12.7340509259259,99.5001620370371
"1894","Carmarthenshire",2018-08-12,16.8761342592592,98.7326388888889
"1895","Carmarthenshire",2018-08-13,15.4109027777778,96.5172222222222
"1896","Carmarthenshire",2018-08-14,15.9826851851852,96.8044212962963
"1897","Carmarthenshire",2018-08-15,16.9390277777778,99.5727314814815
"1898","Carmarthenshire",2018-08-16,14.8016898148148,94.2397916666667
"1899","Carmarthenshire",2018-08-17,13.5904166666667,95.4001157407407
"1900","Carmarthenshire",2018-08-18,16.4757407407408,99.6484259259259
"1901","Carmarthenshire",2018-08-19,17.0355787037037,99.6850925925926
"1902","Carmarthenshire",2018-08-20,17.0649305555556,99.9250462962963
"1903","Carmarthenshire",2018-08-21,16.1897685185185,98.9368981481481
"1904","Carmarthenshire",2018-08-22,17.1651041666667,99.1720138888889
"1905","Carmarthenshire",2018-08-23,12.9112152777778,98.0355902777778
"1906","Carmarthenshire",2018-08-24,11.3157638888889,95.3798240740741
"1907","Carmarthenshire",2018-08-25,10.3261342592593,93.9585416666667
"1908","Carmarthenshire",2018-08-26,13.3473611111111,99.6656944444444
"1909","Carmarthenshire",2018-08-27,13.5553472222222,96.5791203703704
"1910","Carmarthenshire",2018-08-28,13.2988425925926,96.6796527777778
"1911","Carmarthenshire",2018-08-29,12.2264583333333,93.4761111111111
"1912","Carmarthenshire",2018-08-30,10.4752314814815,91.7240277777778
"1913","Carmarthenshire",2018-08-31,12.6764814814815,90.2414814814815
"1914","Carmarthenshire",2018-09-01,16.4572453703703,94.4855787037037
"1915","Carmarthenshire",2018-09-02,17.3651388888889,91.1857175925926
"1916","Carmarthenshire",2018-09-03,14.1545601851852,93.5680092592593
"1917","Carmarthenshire",2018-09-04,13.1327546296296,90.9554398148148
"1918","Carmarthenshire",2018-09-05,11.8086805555555,89.3622685185185
"1919","Carmarthenshire",2018-09-06,11.4692361111111,98.2930555555556
"1920","Carmarthenshire",2018-09-07,10.6809259259259,91.0583333333333
"1921","Carmarthenshire",2018-09-08,13.6204166666667,99.9350925925926
"1922","Carmarthenshire",2018-09-09,13.9751388888889,96.9190972222222
"1923","Carmarthenshire",2018-09-10,13.8343981481481,95.5914583333333
"1924","Carmarthenshire",2018-09-11,15.067962962963,99.636412037037
"1925","Carmarthenshire",2018-09-12,10.9674768518519,97.4305324074074
"1926","Carmarthenshire",2018-09-13,9.44856481481482,94.5232407407407
"1927","Carmarthenshire",2018-09-14,12.8136574074074,95.8909953703704
"1928","Carmarthenshire",2018-09-15,13.705,94.9460185185185
"1929","Carmarthenshire",2018-09-16,15.2144675925926,99.5097453703704
"1930","Carmarthenshire",2018-09-17,16.0198842592593,99.3254166666667
"1931","Carmarthenshire",2018-09-18,15.8297453703704,99.6355787037037
"1932","Carmarthenshire",2018-09-19,14.3502777777778,95.5931944444445
"1933","Carmarthenshire",2018-09-20,13.5178009259259,99.9968287037037
"1934","Carmarthenshire",2018-09-21,10.2805324074074,95.3509259259259
"1935","Carmarthenshire",2018-09-22,9.4524537037037,100
"1936","Carmarthenshire",2018-09-23,9.22912037037037,94.3295601851852
"1937","Carmarthenshire",2018-09-24,7.25203703703704,94.8393981481481
"1938","Carmarthenshire",2018-09-25,8.37381944444444,93.256875
"1939","Carmarthenshire",2018-09-26,12.0631712962963,96.725
"1940","Carmarthenshire",2018-09-27,11.1261574074074,94.581087962963
"1941","Carmarthenshire",2018-09-28,9.55800925925926,90.8583564814815
"1942","Carmarthenshire",2018-09-29,7.6575462962963,94.2016898148148
"1943","Carmarthenshire",2018-09-30,10.0533101851852,90.527662037037
"1944","Carmarthenshire",2018-10-01,9.61469907407407,90.1070601851852
"1945","Carmarthenshire",2018-10-02,13.6194907407408,99.666712962963
"1946","Carmarthenshire",2018-10-03,12.662337962963,98.6291435185185
"1947","Carmarthenshire",2018-10-04,13.0569907407407,99.8364583333333
"1948","Carmarthenshire",2019-04-25,9.70125,92.8992708333333
"1949","Carmarthenshire",2019-04-26,8.82177083333334,95.0463888888889
"1950","Carmarthenshire",2019-04-27,8.23,76.6367361111111
"1951","Carmarthenshire",2019-04-28,8.06770833333333,87.4797222222222
"1952","Carmarthenshire",2019-04-29,9.78878472222222,95.1168402777778
"1953","Carmarthenshire",2019-04-30,11.008125,84.4255902777778
"1954","Carmarthenshire",2019-05-01,10.5360416666667,92.0407291666667
"1955","Carmarthenshire",2019-05-02,8.73243055555555,88.7228125
"1956","Carmarthenshire",2019-05-03,8.10965277777778,88.7792013888889
"1957","Carmarthenshire",2019-05-04,6.82211805555555,77.3108680555555
"1958","Carmarthenshire",2019-05-05,5.45329861111111,80.0498958333334
"1959","Carmarthenshire",2019-05-06,5.64972222222222,86.7817361111111
"1960","Carmarthenshire",2019-05-07,9.13993055555556,77.4501041666666
"1961","Carmarthenshire",2019-05-08,9.41114583333334,98.4640277777778
"1962","Carmarthenshire",2019-05-09,9.34267361111111,90.4030208333334
"1963","Carmarthenshire",2019-05-10,8.53118055555555,84.2009722222222
"1964","Carmarthenshire",2019-05-11,8.06461805555556,79.0542361111111
"1965","Carmarthenshire",2019-05-12,9.27496527777778,70.4953819444444
"1966","Carmarthenshire",2019-05-13,11.4286458333334,69.3103472222222
"1967","Carmarthenshire",2019-05-14,12.9203819444445,62.9002083333334
"1968","Carmarthenshire",2019-05-15,13.7996527777777,65.7056944444444
"1969","Carmarthenshire",2019-05-16,12.2753125,73.5568055555555
"1970","Carmarthenshire",2019-05-17,9.95350694444445,89.8290625
"1971","Carmarthenshire",2019-05-18,10.9174305555556,90.2974652777778
"1972","Carmarthenshire",2019-05-19,11.9777777777777,83.1727083333333
"1973","Carmarthenshire",2019-05-20,10.7596180555555,79.7980208333333
"1974","Carmarthenshire",2019-05-21,10.9051736111111,74.5882986111111
"1975","Carmarthenshire",2019-05-22,11.1009027777778,72.6668402777778
"1976","Carmarthenshire",2019-05-23,10.8090277777778,77.6427777777778
"1977","Carmarthenshire",2019-05-24,12.0593402777778,88.4186111111111
"1978","Carmarthenshire",2019-05-25,12.8615972222223,88.4386458333334
"1979","Carmarthenshire",2019-05-26,13.5794097222222,93.0422916666666
"1980","Carmarthenshire",2019-05-27,11.6974305555555,84.8735069444444
"1981","Carmarthenshire",2019-05-28,10.1244097222222,86.1596875
"1982","Carmarthenshire",2019-05-29,10.24125,99.2868402777778
"1983","Carmarthenshire",2019-05-30,14.6653472222223,95.303125
"1984","Carmarthenshire",2019-05-31,14.4901388888889,93.3840972222223
"1985","Carmarthenshire",2019-06-01,16.2996527777778,85.7482986111112
"1986","Carmarthenshire",2019-06-02,13.8327777777777,93.9770138888889
"1987","Carmarthenshire",2019-06-03,12.6400347222222,85.2656597222223
"1988","Carmarthenshire",2019-06-04,11.5526388888889,99.7369444444444
"1989","Carmarthenshire",2019-06-05,11.1567361111111,88.6072222222222
"1990","Carmarthenshire",2019-06-06,9.74635416666667,90.4953472222223
"1991","Carmarthenshire",2019-06-07,9.71097222222222,99.6781597222222
"1992","Carmarthenshire",2019-06-08,11.2609722222222,91.3877083333333
"1993","Carmarthenshire",2019-06-09,11.9002430555556,84.9657291666667
"1994","Carmarthenshire",2019-06-10,10.5485416666667,89.4030555555555
"1995","Carmarthenshire",2019-06-11,9.00059027777777,99.3007291666667
"1996","Carmarthenshire",2019-06-12,10.2112847222222,99.01875
"1997","Carmarthenshire",2019-06-13,11.4454166666667,97.8513425925926
"1998","Carmarthenshire",2019-06-14,11.3902546296296,96.2641203703704
"1999","Carmarthenshire",2019-06-15,11.8874074074074,92.9998842592593
"2000","Carmarthenshire",2019-06-16,12.5546296296296,98.5686574074074
"2001","Carmarthenshire",2019-06-17,12.9499537037037,99.9141898148148
"2002","Carmarthenshire",2019-06-18,13.5128240740741,98.7731944444445
"2003","Carmarthenshire",2019-06-19,13.3727546296296,94.8121296296296
"2004","Carmarthenshire",2019-06-20,12.6063425925926,89.6009259259259
"2005","Carmarthenshire",2019-06-21,11.5555324074074,88.0779398148148
"2006","Carmarthenshire",2019-06-22,12.8599305555556,82.4915509259259
"2007","Carmarthenshire",2019-06-23,15.0994675925926,91.6073842592593
"2008","Carmarthenshire",2019-06-24,15.746412037037,99.3391203703704
"2009","Carmarthenshire",2019-06-25,15.8415046296296,99.5391898148148
"2010","Carmarthenshire",2019-06-26,16.4380555555556,94.4730092592593
"2011","Carmarthenshire",2019-06-27,17.215,80.5380092592593
"2012","Carmarthenshire",2019-06-28,19.1884953703704,75.5799537037037
"2013","Carmarthenshire",2019-06-29,17.6090509259259,93.0236805555555
"2014","Carmarthenshire",2019-06-30,15.5375231481482,93.3842592592592
"2015","Carmarthenshire",2019-07-01,14.6515046296296,84.4070138888889
"2016","Carmarthenshire",2019-07-02,12.7786111111111,82.6642592592593
"2017","Carmarthenshire",2019-07-03,13.7248611111111,81.3521759259259
"2018","Carmarthenshire",2019-07-04,15.3783101851852,83.3634027777778
"2019","Carmarthenshire",2019-07-05,16.0095601851852,81.2685416666667
"2020","Carmarthenshire",2019-07-06,14.5245601851852,91.4123842592593
"2021","Carmarthenshire",2019-07-07,14.5971296296296,84.1434953703704
"2022","Carmarthenshire",2019-07-08,14.4993518518518,81.102962962963
"2023","Carmarthenshire",2019-07-09,16.1665277777778,93.297662037037
"2024","Carmarthenshire",2019-07-10,15.8792592592592,92.6607407407407
"2025","Carmarthenshire",2019-07-11,16.6696990740741,95.8375
"2026","Carmarthenshire",2019-07-12,15.5222453703703,94.3478703703703
"2027","Carmarthenshire",2019-07-13,14.9737962962963,92.3675231481482
"2028","Carmarthenshire",2019-07-14,15.3423611111111,88.1250231481482
"2029","Carmarthenshire",2019-07-15,17.5052083333333,84.4253472222222
"2030","Carmarthenshire",2019-07-16,16.5938657407407,85.3510185185185
"2031","Carmarthenshire",2019-07-17,14.5143518518518,95.0551388888889
"2032","Carmarthenshire",2019-07-18,15.6521759259259,92.2209027777778
"2033","Carmarthenshire",2019-07-19,15.6406481481482,99.9584953703703
"2034","Carmarthenshire",2019-07-20,15.3164583333333,98.137962962963
"2035","Carmarthenshire",2019-07-21,15.7162962962963,92.4427546296297
"2036","Carmarthenshire",2019-07-22,18.027662037037,98.9213194444444
"2037","Carmarthenshire",2019-07-23,20.5879861111111,88.2759722222222
"2038","Carmarthenshire",2019-07-24,18.2883333333333,95.7711342592593
"2039","Carmarthenshire",2019-07-25,19.6307407407407,86.7902777777778
"2040","Carmarthenshire",2019-07-26,18.0638657407407,89.3657407407407
"2041","Carmarthenshire",2019-07-27,14.8991203703704,88.1625925925926
"2042","Carmarthenshire",2019-07-28,14.4488657407407,85.8717824074074
"2043","Carmarthenshire",2019-07-29,14.9331018518519,89.802662037037
"2044","Carmarthenshire",2019-07-30,14.8092824074074,99.9102314814815
"2045","Carmarthenshire",2019-07-31,15.5245601851852,92.4916435185185
"2046","Carmarthenshire",2019-08-01,15.767962962963,91.4239814814815
"2047","Carmarthenshire",2019-08-02,17.2929398148148,93.4500462962963
"2048","Carmarthenshire",2019-08-03,17.3647685185185,92.2015509259259
"2049","Carmarthenshire",2019-08-04,16.4020138888889,94.9634259259259
"2050","Carmarthenshire",2019-08-05,16.0258101851852,94.8239583333333
"2051","Carmarthenshire",2019-08-06,16.3017824074074,95.0331481481481
"2052","Carmarthenshire",2019-08-07,15.9287037037037,93.8925925925926
"2053","Carmarthenshire",2019-08-08,16.4910879629629,92.4889583333333
"2054","Carmarthenshire",2019-08-09,17.3706481481481,99.2415740740741
"2055","Carmarthenshire",2019-08-10,16.0209259259259,95.4903935185185
"2056","Carmarthenshire",2019-08-11,14.7896759259259,98.2840509259259
"2057","Carmarthenshire",2019-08-12,13.0157175925926,92.4279398148148
"2058","Carmarthenshire",2019-08-13,12.7698842592593,92.54625
"2059","Carmarthenshire",2019-08-14,15.5286574074074,99.9965277777778
"2060","Carmarthenshire",2019-08-15,15.4356712962963,93.7464583333333
"2061","Carmarthenshire",2019-08-16,15.6140740740741,99.9006481481481
"2062","Carmarthenshire",2019-08-17,15.2487731481482,92.4146990740741
"2063","Carmarthenshire",2019-08-18,14.2674537037037,92.5028240740741
"2064","Carmarthenshire",2019-08-19,13.5581481481481,97.1777083333333
"2065","Carmarthenshire",2019-08-20,12.3725925925926,96.0529398148148
"2066","Carmarthenshire",2019-08-21,13.5200231481481,98.7903472222222
"2067","Carmarthenshire",2019-08-22,16.0310416666667,99.5315046296296
"2068","Carmarthenshire",2019-08-23,17.0152777777778,95.9257175925926
"2069","Carmarthenshire",2019-08-24,16.7734490740741,89.4268981481481
"2070","Carmarthenshire",2019-08-25,16.8916203703704,95.1866666666666
"2071","Carmarthenshire",2019-08-26,16.2187731481482,93.8919907407407
"2072","Carmarthenshire",2019-08-27,15.4025925925926,95.1088425925926
"2073","Carmarthenshire",2019-08-28,13.3704166666667,99.9598611111111
"2074","Carmarthenshire",2019-08-29,12.9076157407407,96.3312268518518
"2075","Carmarthenshire",2019-08-30,16.6605324074074,96.0873148148148
"2076","Carmarthenshire",2019-08-31,14.546712962963,94.3861574074074
"2077","Carmarthenshire",2019-09-01,11.7108333333333,90.4912962962963
"2078","Carmarthenshire",2019-09-02,12.7732638888889,94.3898611111111
"2079","Carmarthenshire",2019-09-03,14.6184490740741,99.07875
"2080","Carmarthenshire",2019-09-04,13.6436342592593,95.7644907407407
"2081","Carmarthenshire",2019-09-05,12.0382638888889,88.8108564814815
"2082","Carmarthenshire",2019-09-06,13.3869444444444,96.4583333333333
"2083","Carmarthenshire",2019-09-07,12.9429398148148,92.2134027777778
"2084","Carmarthenshire",2019-09-08,10.321712962963,93.7522453703704
"2085","Carmarthenshire",2019-09-09,12.639675925926,99.9781944444444
"2086","Carmarthenshire",2019-09-10,13.082800925926,94.1477314814815
"2087","Carmarthenshire",2019-09-11,15.6416898148148,99.3775
"2088","Carmarthenshire",2019-09-12,15.5458101851852,99.857037037037
"2089","Carmarthenshire",2019-09-13,12.4683333333333,96.0560416666667
"2090","Carmarthenshire",2019-09-14,12.0066898148148,95.1230092592593
"2091","Carmarthenshire",2019-09-15,14.2488888888889,98.95375
"2092","Carmarthenshire",2019-09-16,15.2892592592592,98.7000694444444
"2093","Carmarthenshire",2019-09-17,11.564375,94.1973842592593
"2094","Carmarthenshire",2019-09-18,10.8879166666667,93.5330787037037
"2095","Carmarthenshire",2019-09-19,11.8221527777778,94.5873842592593
"2096","Carmarthenshire",2019-09-20,13.3317824074074,86.7364351851852
"2097","Carmarthenshire",2019-09-21,16.29125,82.4893055555555
"2098","Carmarthenshire",2019-09-22,16.275787037037,97.0611805555556
"2099","Carmarthenshire",2019-09-23,13.8246064814815,99.6637962962963
"2100","Carmarthenshire",2019-09-24,15.2439583333333,99.7178703703704
"2101","Carmarthenshire",2019-09-25,15.0587731481481,99.8558564814815
"2102","Carmarthenshire",2019-09-26,14.4531944444444,97.5111111111111
"2103","Carmarthenshire",2019-09-27,12.7477777777778,99.471712962963
"2104","Carmarthenshire",2019-09-28,13.675,98.3509259259259
"2105","Carmarthenshire",2019-09-29,13.6996296296296,99.3840277777778
"2106","Carmarthenshire",2019-09-30,11.4847685185185,100
"2107","Carmarthenshire",2018-10-05,13.3938888888888,99.8851388888889
"2108","Carmarthenshire",2018-10-06,8.29520833333333,93.4622222222223
"2109","Carmarthenshire",2018-10-07,7.02371527777778,95.3260069444444
"2110","Carmarthenshire",2018-10-08,12.4174305555555,98.09625
"2111","Carmarthenshire",2018-10-09,12.3529861111112,94.0195138888889
"2112","Carmarthenshire",2018-10-10,14.1535416666666,92.3176388888889
"2113","Carmarthenshire",2018-10-11,12.8529166666667,99.9570486111111
"2114","Carmarthenshire",2018-10-12,14.9619444444445,99.9522569444445
"2115","Carmarthenshire",2018-10-13,15.6114930555556,99.9241666666667
"2116","Carmarthenshire",2018-10-14,13.5814583333333,89.7179861111111
"2117","Carmarthenshire",2018-10-15,17.6054513888889,69.1490277777777
"2118","Carmarthenshire",2018-10-16,20.1273263888889,70.374375
"2119","Carmarthenshire",2018-10-17,21.6305208333333,69.8854861111111
"2120","Carmarthenshire",2018-10-18,19.8997222222223,68.2740625
"2121","Carmarthenshire",2018-10-19,16.0220486111111,67.2661458333334
"2122","Carmarthenshire",2018-10-20,18.1847222222222,69.2320833333333
